mtllib ТВ короче.mtl
#block begin
o 1_
g 1_
v 0.100000000745058 9.53686685178923E-010 0.100000000745058
v -7.45058147122446E-010 9.53662260272381E-010 -7.45058056916825E-010
v -7.45058147122446E-010 9.53686685178923E-010 0.100000000745058
v -7.45058147122446E-010 9.53662260272381E-010 -7.45058056916825E-010
v 0.100000000745058 9.53686685178923E-010 0.100000000745058
v 0.100000000745058 9.53662260272381E-010 -7.45058056916825E-010
v 0.100000000745058 2.97699999904631 -7.45058056916825E-010
v -7.45058147122446E-010 2.97699999904634 0.100000000745058
v -7.45058147122446E-010 2.97699999904631 -7.45058056916825E-010
v -7.45058147122446E-010 2.97699999904634 0.100000000745058
v 0.100000000745058 2.97699999904631 -7.45058056916825E-010
v 0.100000000745058 2.97699999904634 0.100000000745058
v -7.45058147122446E-010 2.97699999904634 0.100000000745058
v 0.100000000745058 2.97699999904634 0.100000000745058
v 0.100000000745058 9.53686685178923E-010 0.100000000745058
v -7.45058147122446E-010 9.53686685178923E-010 0.100000000745058
v 0.100000000745058 2.97699999904634 0.100000000745058
v 0.100000000745058 2.97699999904631 -7.45058056916825E-010
v 0.100000000745058 9.53662260272381E-010 -7.45058056916825E-010
v 0.100000000745058 9.53686685178923E-010 0.100000000745058
v 0.100000000745058 2.97699999904631 -7.45058056916825E-010
v -7.45058147122446E-010 2.97699999904631 -7.45058056916825E-010
v -7.45058147122446E-010 9.53662260272381E-010 -7.45058056916825E-010
v 0.100000000745058 9.53662260272381E-010 -7.45058056916825E-010
v -7.45058147122446E-010 2.97699999904631 -7.45058056916825E-010
v -7.45058147122446E-010 2.97699999904634 0.100000000745058
v -7.45058147122446E-010 9.53686685178923E-010 0.100000000745058
v -7.45058147122446E-010 9.53662260272381E-010 -7.45058056916825E-010
vn 0 -1 2.43051568070776E-013
vn 0 -1 2.43051568070776E-013
vn 0 -1 2.43051568070776E-013
vn 0 -1 2.43051568070776E-013
vn 0 -1 2.43051568070776E-013
vn 0 -1 2.43051568070776E-013
vn 0 1 -2.43051568070776E-013
vn 0 1 -2.43051568070776E-013
vn 0 1 -2.43051568070776E-013
vn 0 1 -2.43051568070776E-013
vn 0 1 -2.43051568070776E-013
vn 0 1 -2.43051568070776E-013
vn 0 0 1
vn 0 0 1
vn 0 0 1
vn 0 0 1
vn 1 0 0
vn 1 0 0
vn 1 0 0
vn 1 0 0
vn 0 0 -1
vn 0 0 -1
vn 0 0 -1
vn 0 0 -1
vn -1 0 0
vn -1 0 0
vn -1 0 0
vn -1 0 0
vt -0.964285714285714 -1.04830917874396
vt -1 -1
vt -1 -1.04830917874396
vt -1 -1
vt -0.964285714285714 -1.04830917874396
vt -0.964285714285714 -1
vt -0.964285714285714 -1
vt -1 -1.04830917874396
vt -1 -1
vt -1 -1.04830917874396
vt -0.964285714285714 -1
vt -0.964285714285714 -1.04830917874396
vt -1 -1
vt -0.964285714285714 -1
vt -0.964285714285714 -2.43816425120772
vt -1 -2.43816425120772
vt -1 -1
vt -0.964285714285714 -1
vt -0.964285714285714 -2.43816425120772
vt -1 -2.43816425120772
vt -1 -1
vt -0.964285714285714 -1
vt -0.964285714285714 -2.43816425120772
vt -1 -2.43816425120772
vt -1 -1
vt -0.964285714285714 -1
vt -0.964285714285714 -2.43816425120772
vt -1 -2.43816425120772
usemtl material_0
f 3/3/3 2/2/2 1/1/1
f 6/6/6 5/5/5 4/4/4
f 9/9/9 8/8/8 7/7/7
f 12/12/12 11/11/11 10/10/10
f 16/16/16 15/15/15 14/14/14 13/13/13
f 20/20/20 19/19/19 18/18/18 17/17/17
f 24/24/24 23/23/23 22/22/22 21/21/21
f 28/28/28 27/27/27 26/26/26 25/25/25
#block begin
o 2_
g 2_
v 0.100000000745058 9.53686685178923E-010 0.812000006198883
v -7.45058133244658E-010 9.53662260272381E-010 0.099999993801117
v -7.45058133244658E-010 9.53686685178923E-010 0.812000006198883
v -7.45058133244658E-010 9.53662260272381E-010 0.099999993801117
v 0.100000000745058 9.53686685178923E-010 0.812000006198883
v 0.100000000745058 9.53662260272381E-010 0.099999993801117
v 0.100000000745058 2.97699999904631 0.099999993801117
v -7.45058133244658E-010 2.97699999904634 0.812000006198883
v -7.45058133244658E-010 2.97699999904631 0.099999993801117
v -7.45058133244658E-010 2.97699999904634 0.812000006198883
v 0.100000000745058 2.97699999904631 0.099999993801117
v 0.100000000745058 2.97699999904634 0.812000006198883
v -7.45058133244658E-010 2.97699999904634 0.812000006198883
v 0.100000000745058 2.97699999904634 0.812000006198883
v 0.100000000745058 9.53686685178923E-010 0.812000006198883
v -7.45058133244658E-010 9.53686685178923E-010 0.812000006198883
v 0.100000000745058 2.97699999904634 0.812000006198883
v 0.100000000745058 2.97699999904631 0.099999993801117
v 0.100000000745058 9.53662260272381E-010 0.099999993801117
v 0.100000000745058 9.53686685178923E-010 0.812000006198883
v 0.100000000745058 2.97699999904631 0.099999993801117
v -7.45058133244658E-010 2.97699999904631 0.099999993801117
v -7.45058133244658E-010 9.53662260272381E-010 0.099999993801117
v 0.100000000745058 9.53662260272381E-010 0.099999993801117
v -7.45058133244658E-010 2.97699999904631 0.099999993801117
v -7.45058133244658E-010 2.97699999904634 0.812000006198883
v -7.45058133244658E-010 9.53686685178923E-010 0.812000006198883
v -7.45058133244658E-010 9.53662260272381E-010 0.099999993801117
vn 0 -1 3.41364561897158E-014
vn 0 -1 3.41364561897158E-014
vn 0 -1 3.41364561897158E-014
vn 0 -1 3.41364561897158E-014
vn 0 -1 3.41364561897158E-014
vn 0 -1 3.41364561897158E-014
vn 0 1 -3.41364561897158E-014
vn 0 1 -3.41364561897158E-014
vn 0 1 -3.41364561897158E-014
vn 0 1 -3.41364561897158E-014
vn 0 1 -3.41364561897158E-014
vn 0 1 -3.41364561897158E-014
vn 0 0 1
vn 0 0 1
vn 0 0 1
vn 0 0 1
vn 1 0 -5.23783006141643E-017
vn 1 0 -5.23783006141643E-017
vn 1 0 -5.23783006141643E-017
vn 1 0 -5.23783006141643E-017
vn 0 0 -1
vn 0 0 -1
vn 0 0 -1
vn 0 0 -1
vn -1 0 0
vn -1 0 0
vn -1 0 0
vn -1 0 0
vt -0.964285714285714 -1.343961352657
vt -1 -1
vt -1 -1.343961352657
vt -1 -1
vt -0.964285714285714 -1.343961352657
vt -0.964285714285714 -1
vt -0.964285714285714 -1
vt -1 -1.343961352657
vt -1 -1
vt -1 -1.343961352657
vt -0.964285714285714 -1
vt -0.964285714285714 -1.343961352657
vt -1 -1
vt -0.964285714285714 -1
vt -0.964285714285714 -2.43816425120772
vt -1 -2.43816425120772
vt -1 -1
vt -0.745714285714286 -1
vt -0.745714285714286 -2.43816425120772
vt -1 -2.43816425120772
vt -1 -1
vt -0.964285714285714 -1
vt -0.964285714285714 -2.43816425120772
vt -1 -2.43816425120772
vt -1 -1
vt -0.745714285714286 -1
vt -0.745714285714286 -2.43816425120772
vt -1 -2.43816425120772
usemtl material_0
f 31/31/31 30/30/30 29/29/29
f 34/34/34 33/33/33 32/32/32
f 37/37/37 36/36/36 35/35/35
f 40/40/40 39/39/39 38/38/38
f 44/44/44 43/43/43 42/42/42 41/41/41
f 48/48/48 47/47/47 46/46/46 45/45/45
f 52/52/52 51/51/51 50/50/50 49/49/49
f 56/56/56 55/55/55 54/54/54 53/53/53
#block begin
o 3_
g 3_
v 0.100000000745058 9.53686907223528E-010 1.62399998831749
v -7.45058126305764E-010 9.53662482316986E-010 0.81200001168251
v -7.45058126305764E-010 9.53686907223528E-010 1.62399998831749
v -7.45058126305764E-010 9.53662482316986E-010 0.81200001168251
v 0.100000000745058 9.53686907223528E-010 1.62399998831749
v 0.100000000745058 9.53662482316986E-010 0.81200001168251
v 0.100000000745058 2.97699999904631 0.81200001168251
v -7.45058126305764E-010 2.97699999904634 1.62399998831749
v -7.45058126305764E-010 2.97699999904631 0.81200001168251
v -7.45058126305764E-010 2.97699999904634 1.62399998831749
v 0.100000000745058 2.97699999904631 0.81200001168251
v 0.100000000745058 2.97699999904634 1.62399998831749
v -7.45058126305764E-010 2.97699999904634 1.62399998831749
v 0.100000000745058 2.97699999904634 1.62399998831749
v 0.100000000745058 9.53686907223528E-010 1.62399998831749
v -7.45058126305764E-010 9.53686907223528E-010 1.62399998831749
v 0.100000000745058 2.97699999904634 1.62399998831749
v 0.100000000745058 2.97699999904631 0.81200001168251
v 0.100000000745058 9.53662482316986E-010 0.81200001168251
v 0.100000000745058 9.53686907223528E-010 1.62399998831749
v 0.100000000745058 2.97699999904631 0.81200001168251
v -7.45058126305764E-010 2.97699999904631 0.81200001168251
v -7.45058126305764E-010 9.53662482316986E-010 0.81200001168251
v 0.100000000745058 9.53662482316986E-010 0.81200001168251
v -7.45058126305764E-010 2.97699999904631 0.81200001168251
v -7.45058126305764E-010 2.97699999904634 1.62399998831749
v -7.45058126305764E-010 9.53686907223528E-010 1.62399998831749
v -7.45058126305764E-010 9.53662482316986E-010 0.81200001168251
vn 0 -1 2.99324591220168E-014
vn 0 -1 2.99324591220168E-014
vn 0 -1 2.99324591220168E-014
vn 0 -1 2.99324591220168E-014
vn 0 -1 2.99324591220168E-014
vn 0 -1 2.99324591220168E-014
vn 0 1 -2.99324591220168E-014
vn 0 1 -2.99324591220168E-014
vn 0 1 -2.99324591220168E-014
vn 0 1 -2.99324591220168E-014
vn 0 1 -2.99324591220168E-014
vn 0 1 -2.99324591220168E-014
vn 0 0 1
vn 0 0 1
vn 0 0 1
vn 0 0 1
vn 1 0 -5.74097160255242E-017
vn 1 0 -5.74097160255242E-017
vn 1 0 -5.74097160255242E-017
vn 1 0 -5.74097160255242E-017
vn 0 0 -1
vn 0 0 -1
vn 0 0 -1
vn 0 0 -1
vn -1 0 0
vn -1 0 0
vn -1 0 0
vn -1 0 0
vt -0.964285714285714 -1.39227053140097
vt -1 -1
vt -1 -1.39227053140097
vt -1 -1
vt -0.964285714285714 -1.39227053140097
vt -0.964285714285714 -1
vt -0.964285714285714 -1
vt -1 -1.39227053140097
vt -1 -1
vt -1 -1.39227053140097
vt -0.964285714285714 -1
vt -0.964285714285714 -1.39227053140097
vt -1 -1
vt -0.964285714285714 -1
vt -0.964285714285714 -2.43816425120772
vt -1 -2.43816425120772
vt -1 -1
vt -0.71 -1
vt -0.71 -2.43816425120772
vt -1 -2.43816425120772
vt -1 -1
vt -0.964285714285714 -1
vt -0.964285714285714 -2.43816425120772
vt -1 -2.43816425120772
vt -1 -1
vt -0.71 -1
vt -0.71 -2.43816425120772
vt -1 -2.43816425120772
usemtl material_0
f 59/59/59 58/58/58 57/57/57
f 62/62/62 61/61/61 60/60/60
f 65/65/65 64/64/64 63/63/63
f 68/68/68 67/67/67 66/66/66
f 72/72/72 71/71/71 70/70/70 69/69/69
f 76/76/76 75/75/75 74/74/74 73/73/73
f 80/80/80 79/79/79 78/78/78 77/77/77
f 84/84/84 83/83/83 82/82/82 81/81/81
#block begin
o 4_
g 4_
v 0.100000000745058 9.53686685178923E-010 2.47400001192093
v -7.4505811936687E-010 9.53662260272381E-010 1.62399998807907
v -7.4505811936687E-010 9.53686685178923E-010 2.47400001192093
v -7.4505811936687E-010 9.53662260272381E-010 1.62399998807907
v 0.100000000745058 9.53686685178923E-010 2.47400001192093
v 0.100000000745058 9.53662260272381E-010 1.62399998807907
v 0.100000000745058 2.97699999904631 1.62399998807907
v -7.4505811936687E-010 2.97699999904634 2.47400001192093
v -7.4505811936687E-010 2.97699999904631 1.62399998807907
v -7.4505811936687E-010 2.97699999904634 2.47400001192093
v 0.100000000745058 2.97699999904631 1.62399998807907
v 0.100000000745058 2.97699999904634 2.47400001192093
v -7.4505811936687E-010 2.97699999904634 2.47400001192093
v 0.100000000745058 2.97699999904634 2.47400001192093
v 0.100000000745058 9.53686685178923E-010 2.47400001192093
v -7.4505811936687E-010 9.53686685178923E-010 2.47400001192093
v 0.100000000745058 2.97699999904634 2.47400001192093
v 0.100000000745058 2.97699999904631 1.62399998807907
v 0.100000000745058 9.53662260272381E-010 1.62399998807907
v 0.100000000745058 9.53686685178923E-010 2.47400001192093
v 0.100000000745058 2.97699999904631 1.62399998807907
v -7.4505811936687E-010 2.97699999904631 1.62399998807907
v -7.4505811936687E-010 9.53662260272381E-010 1.62399998807907
v 0.100000000745058 9.53662260272381E-010 1.62399998807907
v -7.4505811936687E-010 2.97699999904631 1.62399998807907
v -7.4505811936687E-010 2.97699999904634 2.47400001192093
v -7.4505811936687E-010 9.53686685178923E-010 2.47400001192093
v -7.4505811936687E-010 9.53662260272381E-010 1.62399998807907
vn 0 -1 2.85943021259737E-014
vn 0 -1 2.85943021259737E-014
vn 0 -1 2.85943021259737E-014
vn 0 -1 2.85943021259737E-014
vn 0 -1 2.85943021259737E-014
vn 0 -1 2.85943021259737E-014
vn 0 1 -2.85943021259737E-014
vn 0 1 -2.85943021259737E-014
vn 0 1 -2.85943021259737E-014
vn 0 1 -2.85943021259737E-014
vn 0 1 -2.85943021259737E-014
vn 0 1 -2.85943021259737E-014
vn 0 0 1
vn 0 0 1
vn 0 0 1
vn 0 0 1
vn 1 0 -8.7749059767634E-017
vn 1 0 -8.7749059767634E-017
vn 1 0 -8.7749059767634E-017
vn 1 0 -8.7749059767634E-017
vn 0 0 -1
vn 0 0 -1
vn 0 0 -1
vn 0 0 -1
vn -1 0 0
vn -1 0 0
vn -1 0 0
vn -1 0 0
vt -0.964285714285714 -1.41062801932367
vt -1 -1
vt -1 -1.41062801932367
vt -1 -1
vt -0.964285714285714 -1.41062801932367
vt -0.964285714285714 -1
vt -0.964285714285714 -1
vt -1 -1.41062801932367
vt -1 -1
vt -1 -1.41062801932367
vt -0.964285714285714 -1
vt -0.964285714285714 -1.41062801932367
vt -1 -1
vt -0.964285714285714 -1
vt -0.964285714285714 -2.43816425120772
vt -1 -2.43816425120772
vt -1 -1
vt -0.696428571428571 -1
vt -0.696428571428571 -2.43816425120772
vt -1 -2.43816425120772
vt -1 -1
vt -0.964285714285714 -1
vt -0.964285714285714 -2.43816425120772
vt -1 -2.43816425120772
vt -1 -1
vt -0.696428571428571 -1
vt -0.696428571428571 -2.43816425120772
vt -1 -2.43816425120772
usemtl material_0
f 87/87/87 86/86/86 85/85/85
f 90/90/90 89/89/89 88/88/88
f 93/93/93 92/92/92 91/91/91
f 96/96/96 95/95/95 94/94/94
f 100/100/100 99/99/99 98/98/98 97/97/97
f 104/104/104 103/103/103 102/102/102 101/101/101
f 108/108/108 107/107/107 106/106/106 105/105/105
f 112/112/112 111/111/111 110/110/110 109/109/109
#block begin
o 5_
g 5_
v 1.473 9.53686907223528E-010 0.616999991893768
v 1.223 9.53662482316986E-010 8.10623168590041E-009
v 1.223 9.53686907223528E-010 0.616999991893768
v 1.223 9.53662482316986E-010 8.10623168590041E-009
v 1.473 9.53686907223528E-010 0.616999991893768
v 1.473 9.53662482316986E-010 8.10623168590041E-009
v 1.473 2.97699999904631 8.10623168590041E-009
v 1.223 2.97699999904634 0.616999991893768
v 1.223 2.97699999904631 8.10623168590041E-009
v 1.223 2.97699999904634 0.616999991893768
v 1.473 2.97699999904631 8.10623168590041E-009
v 1.473 2.97699999904634 0.616999991893768
v 1.223 2.97699999904634 0.616999991893768
v 1.473 2.97699999904634 0.616999991893768
v 1.473 9.53686907223528E-010 0.616999991893768
v 1.223 9.53686907223528E-010 0.616999991893768
v 1.473 2.97699999904634 0.616999991893768
v 1.473 2.97699999904631 8.10623168590041E-009
v 1.473 9.53662482316986E-010 8.10623168590041E-009
v 1.473 9.53686907223528E-010 0.616999991893768
v 1.473 2.97699999904631 8.10623168590041E-009
v 1.223 2.97699999904631 8.10623168590041E-009
v 1.223 9.53662482316986E-010 8.10623168590041E-009
v 1.473 9.53662482316986E-010 8.10623168590041E-009
v 1.223 2.97699999904631 8.10623168590041E-009
v 1.223 2.97699999904634 0.616999991893768
v 1.223 9.53686907223528E-010 0.616999991893768
v 1.223 9.53662482316986E-010 8.10623168590041E-009
vn 0 -1 3.9392474565766E-014
vn 0 -1 3.9392474565766E-014
vn 0 -1 3.9392474565766E-014
vn 0 -1 3.9392474565766E-014
vn 0 -1 3.9392474565766E-014
vn 0 -1 3.9392474565766E-014
vn 0 1 -3.9392474565766E-014
vn 0 1 -3.9392474565766E-014
vn 0 1 -3.9392474565766E-014
vn 0 1 -3.9392474565766E-014
vn 0 1 -3.9392474565766E-014
vn 0 1 -3.9392474565766E-014
vn 0 0 1
vn 0 0 1
vn 0 0 1
vn 0 0 1
vn 1 0 0
vn 1 0 0
vn 1 0 0
vn 1 0 0
vn 0 0 -1
vn 0 0 -1
vn 0 0 -1
vn 0 0 -1
vn -1 0 0
vn -1 0 0
vn -1 0 0
vn -1 0 0
vt -0.910714285714286 -1.29806763285024
vt -1 -1
vt -1 -1.29806763285024
vt -1 -1
vt -0.910714285714286 -1.29806763285024
vt -0.910714285714286 -1
vt -0.910714285714286 -1
vt -1 -1.29806763285024
vt -1 -1
vt -1 -1.29806763285024
vt -0.910714285714286 -1
vt -0.910714285714286 -1.29806763285024
vt -1 -1
vt -0.910714285714286 -1
vt -0.910714285714286 -2.43816425120772
vt -1 -2.43816425120772
vt -1 -1
vt -0.779642857142857 -1
vt -0.779642857142857 -2.43816425120772
vt -1 -2.43816425120772
vt -1 -1
vt -0.910714285714286 -1
vt -0.910714285714286 -2.43816425120772
vt -1 -2.43816425120772
vt -1 -1
vt -0.779642857142857 -1
vt -0.779642857142857 -2.43816425120772
vt -1 -2.43816425120772
usemtl material_0
f 115/115/115 114/114/114 113/113/113
f 118/118/118 117/117/117 116/116/116
f 121/121/121 120/120/120 119/119/119
f 124/124/124 123/123/123 122/122/122
f 128/128/128 127/127/127 126/126/126 125/125/125
f 132/132/132 131/131/131 130/130/130 129/129/129
f 136/136/136 135/135/135 134/134/134 133/133/133
f 140/140/140 139/139/139 138/138/138 137/137/137
#block begin
o 6_
g 6_
v 4.89199995517731 9.53686685178923E-010 0.100000000745058
v 1.47300004482269 9.53662260272381E-010 -7.45058056916825E-010
v 1.47300004482269 9.53686685178923E-010 0.100000000745058
v 1.47300004482269 9.53662260272381E-010 -7.45058056916825E-010
v 4.89199995517731 9.53686685178923E-010 0.100000000745058
v 4.89199995517731 9.53662260272381E-010 -7.45058056916825E-010
v 4.89199995517731 2.97699999904631 -7.45058056916825E-010
v 1.47300004482269 2.97699999904634 0.100000000745058
v 1.47300004482269 2.97699999904631 -7.45058056916825E-010
v 1.47300004482269 2.97699999904634 0.100000000745058
v 4.89199995517731 2.97699999904631 -7.45058056916825E-010
v 4.89199995517731 2.97699999904634 0.100000000745058
v 1.47300004482269 2.97699999904634 0.100000000745058
v 4.89199995517731 2.97699999904634 0.100000000745058
v 4.89199995517731 9.53686685178923E-010 0.100000000745058
v 1.47300004482269 9.53686685178923E-010 0.100000000745058
v 4.89199995517731 2.97699999904634 0.100000000745058
v 4.89199995517731 2.97699999904631 -7.45058056916825E-010
v 4.89199995517731 9.53662260272381E-010 -7.45058056916825E-010
v 4.89199995517731 9.53686685178923E-010 0.100000000745058
v 4.89199995517731 2.97699999904631 -7.45058056916825E-010
v 1.47300004482269 2.97699999904631 -7.45058056916825E-010
v 1.47300004482269 9.53662260272381E-010 -7.45058056916825E-010
v 4.89199995517731 9.53662260272381E-010 -7.45058056916825E-010
v 1.47300004482269 2.97699999904631 -7.45058056916825E-010
v 1.47300004482269 2.97699999904634 0.100000000745058
v 1.47300004482269 9.53686685178923E-010 0.100000000745058
v 1.47300004482269 9.53662260272381E-010 -7.45058056916825E-010
vn 0 -1 2.43051568070776E-013
vn 0 -1 2.43051568070776E-013
vn 0 -1 2.43051568070776E-013
vn 0 -1 2.43051568070776E-013
vn 0 -1 2.43051568070776E-013
vn 0 -1 2.43051568070776E-013
vn 0 1 -2.43051568070776E-013
vn 0 1 -2.43051568070776E-013
vn 0 1 -2.43051568070776E-013
vn 0 1 -2.43051568070776E-013
vn 0 1 -2.43051568070776E-013
vn 0 1 -2.43051568070776E-013
vn 0 0 1
vn 0 0 1
vn 0 0 1
vn 0 0 1
vn 1 0 0
vn 1 0 0
vn 1 0 0
vn 1 0 0
vn 0 0 -1
vn 0 0 -1
vn 0 0 -1
vn 0 0 -1
vn -1 0 0
vn -1 0 0
vn -1 0 0
vn -1 0 0
vt 0.221071428571429 -1.04830917874396
vt -1 -1
vt -1 -1.04830917874396
vt -1 -1
vt 0.221071428571429 -1.04830917874396
vt 0.221071428571429 -1
vt 0.221071428571429 -1
vt -1 -1.04830917874396
vt -1 -1
vt -1 -1.04830917874396
vt 0.221071428571429 -1
vt 0.221071428571429 -1.04830917874396
vt -1 -1
vt 0.221071428571429 -1
vt 0.221071428571429 -2.43816425120772
vt -1 -2.43816425120772
vt -1 -1
vt -0.964285714285714 -1
vt -0.964285714285714 -2.43816425120772
vt -1 -2.43816425120772
vt -1 -1
vt 0.221071428571429 -1
vt 0.221071428571429 -2.43816425120772
vt -1 -2.43816425120772
vt -1 -1
vt -0.964285714285714 -1
vt -0.964285714285714 -2.43816425120772
vt -1 -2.43816425120772
usemtl material_0
f 143/143/143 142/142/142 141/141/141
f 146/146/146 145/145/145 144/144/144
f 149/149/149 148/148/148 147/147/147
f 152/152/152 151/151/151 150/150/150
f 156/156/156 155/155/155 154/154/154 153/153/153
f 160/160/160 159/159/159 158/158/158 157/157/157
f 164/164/164 163/163/163 162/162/162 161/161/161
f 168/168/168 167/167/167 166/166/166 165/165/165
#block begin
o 7_
g 7_
v 4.99200000074506 9.53686907223528E-010 0.100000000745058
v 4.89199999925494 9.53662482316986E-010 -7.45058056916825E-010
v 4.89199999925494 9.53686907223528E-010 0.100000000745058
v 4.89199999925494 9.53662482316986E-010 -7.45058056916825E-010
v 4.99200000074506 9.53686907223528E-010 0.100000000745058
v 4.99200000074506 9.53662482316986E-010 -7.45058056916825E-010
v 4.99200000074506 2.97699999904631 -7.45058056916825E-010
v 4.89199999925494 2.97699999904634 0.100000000745058
v 4.89199999925494 2.97699999904631 -7.45058056916825E-010
v 4.89199999925494 2.97699999904634 0.100000000745058
v 4.99200000074506 2.97699999904631 -7.45058056916825E-010
v 4.99200000074506 2.97699999904634 0.100000000745058
v 4.89199999925494 2.97699999904634 0.100000000745058
v 4.99200000074506 2.97699999904634 0.100000000745058
v 4.99200000074506 9.53686907223528E-010 0.100000000745058
v 4.89199999925494 9.53686907223528E-010 0.100000000745058
v 4.99200000074506 2.97699999904634 0.100000000745058
v 4.99200000074506 2.97699999904631 -7.45058056916825E-010
v 4.99200000074506 9.53662482316986E-010 -7.45058056916825E-010
v 4.99200000074506 9.53686907223528E-010 0.100000000745058
v 4.99200000074506 2.97699999904631 -7.45058056916825E-010
v 4.89199999925494 2.97699999904631 -7.45058056916825E-010
v 4.89199999925494 9.53662482316986E-010 -7.45058056916825E-010
v 4.99200000074506 9.53662482316986E-010 -7.45058056916825E-010
v 4.89199999925494 2.97699999904631 -7.45058056916825E-010
v 4.89199999925494 2.97699999904634 0.100000000745058
v 4.89199999925494 9.53686907223528E-010 0.100000000745058
v 4.89199999925494 9.53662482316986E-010 -7.45058056916825E-010
vn 0 -1 2.43051568070776E-013
vn 0 -1 2.43051568070776E-013
vn 0 -1 2.43051568070776E-013
vn 0 -1 2.43051568070776E-013
vn 0 -1 2.43051568070776E-013
vn 0 -1 2.43051568070776E-013
vn 0 1 -2.43051568070776E-013
vn 0 1 -2.43051568070776E-013
vn 0 1 -2.43051568070776E-013
vn 0 1 -2.43051568070776E-013
vn 0 1 -2.43051568070776E-013
vn 0 1 -2.43051568070776E-013
vn 0 0 1
vn 0 0 1
vn 0 0 1
vn 0 0 1
vn 1 0 0
vn 1 0 0
vn 1 0 0
vn 1 0 0
vn 0 0 -1
vn 0 0 -1
vn 0 0 -1
vn 0 0 -1
vn -1 0 0
vn -1 0 0
vn -1 0 0
vn -1 0 0
vt -0.964285714285714 -1.04830917874396
vt -1 -1
vt -1 -1.04830917874396
vt -1 -1
vt -0.964285714285714 -1.04830917874396
vt -0.964285714285714 -1
vt -0.964285714285714 -1
vt -1 -1.04830917874396
vt -1 -1
vt -1 -1.04830917874396
vt -0.964285714285714 -1
vt -0.964285714285714 -1.04830917874396
vt -1 -1
vt -0.964285714285714 -1
vt -0.964285714285714 -2.43816425120772
vt -1 -2.43816425120772
vt -1 -1
vt -0.964285714285714 -1
vt -0.964285714285714 -2.43816425120772
vt -1 -2.43816425120772
vt -1 -1
vt -0.964285714285714 -1
vt -0.964285714285714 -2.43816425120772
vt -1 -2.43816425120772
vt -1 -1
vt -0.964285714285714 -1
vt -0.964285714285714 -2.43816425120772
vt -1 -2.43816425120772
usemtl material_0
f 171/171/171 170/170/170 169/169/169
f 174/174/174 173/173/173 172/172/172
f 177/177/177 176/176/176 175/175/175
f 180/180/180 179/179/179 178/178/178
f 184/184/184 183/183/183 182/182/182 181/181/181
f 188/188/188 187/187/187 186/186/186 185/185/185
f 192/192/192 191/191/191 190/190/190 189/189/189
f 196/196/196 195/195/195 194/194/194 193/193/193
#block begin
o 8_
g 8_
v 4.99200000074506 9.53686685178923E-010 1.6
v 4.89199999925494 9.53662260272381E-010 0.1
v 4.89199999925494 9.53686685178923E-010 1.6
v 4.89199999925494 9.53662260272381E-010 0.1
v 4.99200000074506 9.53686685178923E-010 1.6
v 4.99200000074506 9.53662260272381E-010 0.1
v 4.99200000074506 2.97699999904631 0.1
v 4.89199999925494 2.97699999904634 1.6
v 4.89199999925494 2.97699999904631 0.1
v 4.89199999925494 2.97699999904634 1.6
v 4.99200000074506 2.97699999904631 0.1
v 4.99200000074506 2.97699999904634 1.6
v 4.89199999925494 2.97699999904634 1.6
v 4.99200000074506 2.97699999904634 1.6
v 4.99200000074506 9.53686685178923E-010 1.6
v 4.89199999925494 9.53686685178923E-010 1.6
v 4.99200000074506 2.97699999904634 1.6
v 4.99200000074506 2.97699999904631 0.1
v 4.99200000074506 9.53662260272381E-010 0.1
v 4.99200000074506 9.53686685178923E-010 1.6
v 4.99200000074506 2.97699999904631 0.1
v 4.89199999925494 2.97699999904631 0.1
v 4.89199999925494 9.53662260272381E-010 0.1
v 4.99200000074506 9.53662260272381E-010 0.1
v 4.89199999925494 2.97699999904631 0.1
v 4.89199999925494 2.97699999904634 1.6
v 4.89199999925494 9.53686685178923E-010 1.6
v 4.89199999925494 9.53662260272381E-010 0.1
vn 0 -1 1.62034378713851E-014
vn 0 -1 1.62034378713851E-014
vn 0 -1 1.62034378713851E-014
vn 0 -1 1.62034378713851E-014
vn 0 -1 1.62034378713851E-014
vn 0 -1 1.62034378713851E-014
vn 0 1 -1.62034378713851E-014
vn 0 1 -1.62034378713851E-014
vn 0 1 -1.62034378713851E-014
vn 0 1 -1.62034378713851E-014
vn 0 1 -1.62034378713851E-014
vn 0 1 -1.62034378713851E-014
vn 0 0 1
vn 0 0 1
vn 0 0 1
vn 0 0 1
vn 1 0 -1.11880055670508E-016
vn 1 0 -1.11880055670508E-016
vn 1 0 -1.11880055670508E-016
vn 1 0 -1.11880055670508E-016
vn 0 0 -1
vn 0 0 -1
vn 0 0 -1
vn 0 0 -1
vn -1 0 0
vn -1 0 0
vn -1 0 0
vn -1 0 0
vt -0.964285714285714 -1.72463768115942
vt -1 -1
vt -1 -1.72463768115942
vt -1 -1
vt -0.964285714285714 -1.72463768115942
vt -0.964285714285714 -1
vt -0.964285714285714 -1
vt -1 -1.72463768115942
vt -1 -1
vt -1 -1.72463768115942
vt -0.964285714285714 -1
vt -0.964285714285714 -1.72463768115942
vt -1 -1
vt -0.964285714285714 -1
vt -0.964285714285714 -2.43816425120772
vt -1 -2.43816425120772
vt -1 -1
vt -0.464285714285714 -1
vt -0.464285714285714 -2.43816425120772
vt -1 -2.43816425120772
vt -1 -1
vt -0.964285714285715 -1
vt -0.964285714285715 -2.43816425120772
vt -1 -2.43816425120772
vt -1 -1
vt -0.464285714285714 -1
vt -0.464285714285714 -2.43816425120772
vt -1 -2.43816425120772
usemtl material_0
f 199/199/199 198/198/198 197/197/197
f 202/202/202 201/201/201 200/200/200
f 205/205/205 204/204/204 203/203/203
f 208/208/208 207/207/207 206/206/206
f 212/212/212 211/211/211 210/210/210 209/209/209
f 216/216/216 215/215/215 214/214/214 213/213/213
f 220/220/220 219/219/219 218/218/218 217/217/217
f 224/224/224 223/223/223 222/222/222 221/221/221
#block begin
o 9_
g 9_
v 1.09799999582767 1.54499999344349 0.10000000038743
v 0.808000004172325 1.87500000655651 0.10000000038743
v 0.808000004172325 1.54499999344349 0.10000000038743
v 0.808000004172325 1.87500000655651 0.10000000038743
v 1.09799999582767 1.54499999344349 0.10000000038743
v 1.09799999582767 1.87500000655651 0.10000000038743
v 1.09799999582767 1.87500000655651 0.11799999961257
v 0.808000004172325 1.54499999344349 0.11799999961257
v 0.808000004172325 1.87500000655651 0.11799999961257
v 0.808000004172325 1.54499999344349 0.11799999961257
v 1.09799999582767 1.87500000655651 0.11799999961257
v 1.09799999582767 1.54499999344349 0.11799999961257
v 0.808000004172325 1.54499999344349 0.11799999961257
v 1.09799999582767 1.54499999344349 0.11799999961257
v 1.09799999582767 1.54499999344349 0.10000000038743
v 0.808000004172325 1.54499999344349 0.10000000038743
v 1.09799999582767 1.54499999344349 0.11799999961257
v 1.09799999582767 1.87500000655651 0.11799999961257
v 1.09799999582767 1.87500000655651 0.10000000038743
v 1.09799999582767 1.54499999344349 0.10000000038743
v 1.09799999582767 1.87500000655651 0.11799999961257
v 0.808000004172325 1.87500000655651 0.11799999961257
v 0.808000004172325 1.87500000655651 0.10000000038743
v 1.09799999582767 1.87500000655651 0.10000000038743
v 0.808000004172325 1.87500000655651 0.11799999961257
v 0.808000004172325 1.54499999344349 0.11799999961257
v 0.808000004172325 1.54499999344349 0.10000000038743
v 0.808000004172325 1.87500000655651 0.10000000038743
vn 0 0 -1
vn 0 0 -1
vn 0 0 -1
vn 0 0 -1
vn 0 0 -1
vn 0 0 -1
vn 0 0 1
vn 0 0 1
vn 0 0 1
vn 0 0 1
vn 0 0 1
vn 0 0 1
vn 0 -1 0
vn 0 -1 0
vn 0 -1 0
vn 0 -1 0
vn 1 0 0
vn 1 0 0
vn 1 0 0
vn 1 0 0
vn 0 1 0
vn 0 1 0
vn 0 1 0
vn 0 1 0
vn -1 0 0
vn -1 0 0
vn -1 0 0
vn -1 0 0
vt -0.896428571428571 -1.15942028985507
vt -1 -1
vt -1 -1.15942028985507
vt -1 -1
vt -0.896428571428571 -1.15942028985507
vt -0.896428571428571 -1
vt -0.896428571428571 -1
vt -1 -1.15942028985507
vt -1 -1
vt -1 -1.15942028985507
vt -0.896428571428571 -1
vt -0.896428571428571 -1.15942028985507
vt -1 -1
vt -0.896428571428571 -1
vt -0.896428571428571 -1.00869565217391
vt -1 -1.00869565217391
vt -1 -1
vt -0.882142857142857 -1
vt -0.882142857142857 -1.00869565217391
vt -1 -1.00869565217391
vt -1 -1
vt -0.896428571428571 -1
vt -0.896428571428571 -1.00869565217391
vt -1 -1.00869565217391
vt -1 -1
vt -0.882142857142857 -1
vt -0.882142857142857 -1.00869565217391
vt -1 -1.00869565217391
usemtl material_0
f 227/227/227 226/226/226 225/225/225
f 230/230/230 229/229/229 228/228/228
f 233/233/233 232/232/232 231/231/231
f 236/236/236 235/235/235 234/234/234
f 240/240/240 239/239/239 238/238/238 237/237/237
f 244/244/244 243/243/243 242/242/242 241/241/241
f 248/248/248 247/247/247 246/246/246 245/245/245
f 252/252/252 251/251/251 250/250/250 249/249/249
#block begin
o 10_
g 10_
v 1.2230000128746 9.53686907223528E-010 0.100000000745058
v 0.0999999871253966 9.53662482316986E-010 -7.45058056916825E-010
v 0.0999999871253966 9.53686907223528E-010 0.100000000745058
v 0.0999999871253966 9.53662482316986E-010 -7.45058056916825E-010
v 1.2230000128746 9.53686907223528E-010 0.100000000745058
v 1.2230000128746 9.53662482316986E-010 -7.45058056916825E-010
v 1.2230000128746 2.97699999904631 -7.45058056916825E-010
v 0.0999999871253966 2.97699999904634 0.100000000745058
v 0.0999999871253966 2.97699999904631 -7.45058056916825E-010
v 0.0999999871253966 2.97699999904634 0.100000000745058
v 1.2230000128746 2.97699999904631 -7.45058056916825E-010
v 1.2230000128746 2.97699999904634 0.100000000745058
v 0.0999999871253966 2.97699999904634 0.100000000745058
v 1.2230000128746 2.97699999904634 0.100000000745058
v 1.2230000128746 9.53686907223528E-010 0.100000000745058
v 0.0999999871253966 9.53686907223528E-010 0.100000000745058
v 1.2230000128746 2.97699999904634 0.100000000745058
v 1.2230000128746 2.97699999904631 -7.45058056916825E-010
v 1.2230000128746 9.53662482316986E-010 -7.45058056916825E-010
v 1.2230000128746 9.53686907223528E-010 0.100000000745058
v 1.2230000128746 2.97699999904631 -7.45058056916825E-010
v 0.0999999871253966 2.97699999904631 -7.45058056916825E-010
v 0.0999999871253966 9.53662482316986E-010 -7.45058056916825E-010
v 1.2230000128746 9.53662482316986E-010 -7.45058056916825E-010
v 0.0999999871253966 2.97699999904631 -7.45058056916825E-010
v 0.0999999871253966 2.97699999904634 0.100000000745058
v 0.0999999871253966 9.53686907223528E-010 0.100000000745058
v 0.0999999871253966 9.53662482316986E-010 -7.45058056916825E-010
vn 0 -1 2.43051568070776E-013
vn 0 -1 2.43051568070776E-013
vn 0 -1 2.43051568070776E-013
vn 0 -1 2.43051568070776E-013
vn 0 -1 2.43051568070776E-013
vn 0 -1 2.43051568070776E-013
vn 0 1 -2.43051568070776E-013
vn 0 1 -2.43051568070776E-013
vn 0 1 -2.43051568070776E-013
vn 0 1 -2.43051568070776E-013
vn 0 1 -2.43051568070776E-013
vn 0 1 -2.43051568070776E-013
vn 0 0 1
vn 0 0 1
vn 0 0 1
vn 0 0 1
vn 1 0 0
vn 1 0 0
vn 1 0 0
vn 1 0 0
vn 0 0 -1
vn 0 0 -1
vn 0 0 -1
vn 0 0 -1
vn -1 0 0
vn -1 0 0
vn -1 0 0
vn -1 0 0
vt -0.598928571428572 -1.04830917874396
vt -1 -1
vt -1 -1.04830917874396
vt -1 -1
vt -0.598928571428572 -1.04830917874396
vt -0.598928571428572 -1
vt -0.598928571428572 -1
vt -1 -1.04830917874396
vt -1 -1
vt -1 -1.04830917874396
vt -0.598928571428572 -1
vt -0.598928571428572 -1.04830917874396
vt -1 -1
vt -0.598928571428572 -1
vt -0.598928571428572 -2.43816425120772
vt -1 -2.43816425120772
vt -1 -1
vt -0.964285714285714 -1
vt -0.964285714285714 -2.43816425120772
vt -1 -2.43816425120772
vt -1 -1
vt -0.598928571428572 -1
vt -0.598928571428572 -2.43816425120772
vt -1 -2.43816425120772
vt -1 -1
vt -0.964285714285714 -1
vt -0.964285714285714 -2.43816425120772
vt -1 -2.43816425120772
usemtl material_0
f 255/255/255 254/254/254 253/253/253
f 258/258/258 257/257/257 256/256/256
f 261/261/261 260/260/260 259/259/259
f 264/264/264 263/263/263 262/262/262
f 268/268/268 267/267/267 266/266/266 265/265/265
f 272/272/272 271/271/271 270/270/270 269/269/269
f 276/276/276 275/275/275 274/274/274 273/273/273
f 280/280/280 279/279/279 278/278/278 277/277/277
#block begin
o 11_
g 11_
v 0.63429349237401 1.6513240820989 0.104000000094995
v 0.646599563144148 1.66032603050396 0.104000000094995
v 0.672000001490116 1.62199999850988 0.104000000094995
v 0.646599563144148 1.66032603050396 0.104000000094995
v 0.63429349237401 1.67449066967517 0.104000000094995
v 0.672000001490116 1.69700000149012 0.104000000094995
v 0.63429349237401 1.67449066967517 0.104000000094995
v 0.646599563144148 1.66032603050396 0.104000000094995
v 0.63429349237401 1.6513240820989 0.104000000094995
v 0.63429349237401 1.67449066967517 0.104000000094995
v 0.63429349237401 1.6513240820989 0.104000000094995
v 0.596999998509884 1.62199999850988 0.104000000094995
v 0.63429349237401 1.67449066967517 0.104000000094995
v 0.596999998509884 1.62199999850988 0.104000000094995
v 0.619509330324829 1.66218459902145 0.104000000094995
v 0.596999998509884 1.69700000149012 0.104000000094995
v 0.63429349237401 1.67449066967517 0.104000000094995
v 0.619509330324829 1.66218459902145 0.104000000094995
v 0.63429349237401 1.67449066967517 0.0999999999050051
v 0.646599563144148 1.66032603050396 0.0999999999050051
v 0.672000001490116 1.69700000149012 0.0999999999050051
v 0.646599563144148 1.66032603050396 0.0999999999050051
v 0.63429349237401 1.6513240820989 0.0999999999050051
v 0.672000001490116 1.62199999850988 0.0999999999050051
v 0.63429349237401 1.6513240820989 0.0999999999050051
v 0.646599563144148 1.66032603050396 0.0999999999050051
v 0.63429349237401 1.67449066967517 0.0999999999050051
v 0.63429349237401 1.6513240820989 0.0999999999050051
v 0.63429349237401 1.67449066967517 0.0999999999050051
v 0.596999998509884 1.69700000149012 0.0999999999050051
v 0.63429349237401 1.6513240820989 0.0999999999050051
v 0.596999998509884 1.69700000149012 0.0999999999050051
v 0.619509330324829 1.66218459902145 0.0999999999050051
v 0.596999998509884 1.62199999850988 0.0999999999050051
v 0.63429349237401 1.6513240820989 0.0999999999050051
v 0.619509330324829 1.66218459902145 0.0999999999050051
v 0.646599563144148 1.66032603050396 0.0999999999050051
v 0.672000001490116 1.62199999850988 0.0999999999050051
v 0.672000001490116 1.62199999850988 0.104000000094995
v 0.646599563144148 1.66032603050396 0.104000000094995
v 0.672000001490116 1.62199999850988 0.0999999999050051
v 0.63429349237401 1.6513240820989 0.0999999999050051
v 0.63429349237401 1.6513240820989 0.104000000094995
v 0.672000001490116 1.62199999850988 0.104000000094995
v 0.63429349237401 1.6513240820989 0.0999999999050051
v 0.596999998509884 1.62199999850988 0.0999999999050051
v 0.596999998509884 1.62199999850988 0.104000000094995
v 0.63429349237401 1.6513240820989 0.104000000094995
v 0.596999998509884 1.62199999850988 0.0999999999050051
v 0.619509330324829 1.66218459902145 0.0999999999050051
v 0.619509330324829 1.66218459902145 0.104000000094995
v 0.596999998509884 1.62199999850988 0.104000000094995
v 0.619509330324829 1.66218459902145 0.0999999999050051
v 0.596999998509884 1.69700000149012 0.0999999999050051
v 0.596999998509884 1.69700000149012 0.104000000094995
v 0.619509330324829 1.66218459902145 0.104000000094995
v 0.596999998509884 1.69700000149012 0.0999999999050051
v 0.63429349237401 1.67449066967517 0.0999999999050051
v 0.63429349237401 1.67449066967517 0.104000000094995
v 0.596999998509884 1.69700000149012 0.104000000094995
v 0.63429349237401 1.67449066967517 0.0999999999050051
v 0.672000001490116 1.69700000149012 0.0999999999050051
v 0.672000001490116 1.69700000149012 0.104000000094995
v 0.63429349237401 1.67449066967517 0.104000000094995
v 0.672000001490116 1.69700000149012 0.0999999999050051
v 0.646599563144148 1.66032603050396 0.0999999999050051
v 0.646599563144148 1.66032603050396 0.104000000094995
v 0.672000001490116 1.69700000149012 0.104000000094995
vn 0 0 1
vn 0 0 1
vn 0 0 1
vn 0 0 1
vn 0 0 1
vn 0 0 1
vn 0 0 1
vn 0 0 1
vn 0 0 1
vn 0 0 1
vn 0 0 1
vn 0 0 1
vn 0 0 1
vn 0 0 1
vn 0 0 1
vn 0 0 1
vn 0 0 1
vn 0 0 1
vn 0 0 -1
vn 0 0 -1
vn 0 0 -1
vn 0 0 -1
vn 0 0 -1
vn 0 0 -1
vn 0 0 -1
vn 0 0 -1
vn 0 0 -1
vn 0 0 -1
vn 0 0 -1
vn 0 0 -1
vn 0 0 -1
vn 0 0 -1
vn 0 0 -1
vn 0 0 -1
vn 0 0 -1
vn 0 0 -1
vn 0.833555427231762 0.552435833135827 0
vn 0.833555427231762 0.552435833135827 0
vn 0.833555427231762 0.552435833135827 0
vn 0.833555427231762 0.552435833135827 0
vn -0.613898852726038 -0.789384696217031 0
vn -0.613898852726038 -0.789384696217031 0
vn -0.613898852726038 -0.789384696217031 0
vn -0.613898852726038 -0.789384696217031 0
vn 0.618108927264586 -0.786092458961299 0
vn 0.618108927264586 -0.786092458961299 0
vn 0.618108927264586 -0.786092458961299 0
vn 0.618108927264586 -0.786092458961299 0
vn -0.872450891492595 0.488701792439701 0
vn -0.872450891492595 0.488701792439701 0
vn -0.872450891492595 0.488701792439701 0
vn -0.872450891492595 0.488701792439701 0
vn -0.839771208601346 -0.542940436147681 0
vn -0.839771208601346 -0.542940436147681 0
vn -0.839771208601346 -0.542940436147681 0
vn -0.839771208601346 -0.542940436147681 0
vn 0.516743009325221 0.85614056224052 0
vn 0.516743009325221 0.85614056224052 0
vn 0.516743009325221 0.85614056224052 0
vn 0.516743009325221 0.85614056224052 0
vn -0.512576057242354 0.858641826107885 0
vn -0.512576057242354 0.858641826107885 0
vn -0.512576057242354 0.858641826107885 0
vn -0.512576057242354 0.858641826107885 0
vn 0.822079224418363 -0.569373119122867 0
vn 0.822079224418363 -0.569373119122867 0
vn 0.822079224418363 -0.569373119122867 0
vn 0.822079224418363 -0.569373119122867 0
vt -0.497246563434601 -0.609012246131897
vt -0.661327511072159 -0.488986253738403
vt -1 -1
vt -0.661327511072159 -0.488986253738403
vt -0.497246563434601 -0.300124406814575
vt -1 0
vt -0.497246563434601 -0.300124406814575
vt -0.661327511072159 -0.488986253738403
vt -0.497246563434601 -0.609012246131897
vt -0.497246563434601 -0.300124406814575
vt -0.497246563434601 -0.609012246131897
vt 0 -1
vt -0.497246563434601 -0.300124406814575
vt 0 -1
vt -0.300124406814575 -0.464205354452133
vt 0 0
vt -0.497246563434601 -0.300124406814575
vt -0.300124406814575 -0.464205354452133
vt -0.497246563434601 -0.300124406814575
vt -0.661327481269836 -0.488986253738403
vt -1 0
vt -0.661327481269836 -0.488986253738403
vt -0.497246563434601 -0.609012246131897
vt -1 -1
vt -0.497246563434601 -0.609012246131897
vt -0.661327481269836 -0.488986253738403
vt -0.497246563434601 -0.300124406814575
vt -0.497246563434601 -0.609012246131897
vt -0.497246563434601 -0.300124406814575
vt 0 0
vt -0.497246563434601 -0.609012246131897
vt 0 0
vt -0.300124406814575 -0.464205354452133
vt 0 -1
vt -0.497246563434601 -0.609012246131897
vt -0.300124406814575 -0.464205354452133
vt -1 0
vt 0 0
vt 0 -1
vt -1 -1
vt -1 0
vt 0 0
vt 0 -1
vt -1 -1
vt -1 0
vt 0 0
vt 0 -1
vt -1 -1
vt -1 0
vt 0 0
vt 0 -1
vt -1 -1
vt -1 0
vt 0 0
vt 0 -1
vt -1 -1
vt -1 0
vt -1.11022302462516E-016 0
vt -1.11022302462516E-016 -1
vt -1 -1
vt -1 0
vt 0 0
vt 0 -1
vt -1 -1
vt -1 0
vt 0 0
vt 0 -1
vt -1 -1
usemtl material_1
f 283/283/283 282/282/282 281/281/281
f 286/286/286 285/285/285 284/284/284
f 289/289/289 288/288/288 287/287/287
f 292/292/292 291/291/291 290/290/290
f 295/295/295 294/294/294 293/293/293
f 298/298/298 297/297/297 296/296/296
f 301/301/301 300/300/300 299/299/299
f 304/304/304 303/303/303 302/302/302
f 307/307/307 306/306/306 305/305/305
f 310/310/310 309/309/309 308/308/308
f 313/313/313 312/312/312 311/311/311
f 316/316/316 315/315/315 314/314/314
f 320/320/320 319/319/319 318/318/318 317/317/317
f 324/324/324 323/323/323 322/322/322 321/321/321
f 328/328/328 327/327/327 326/326/326 325/325/325
f 332/332/332 331/331/331 330/330/330 329/329/329
f 336/336/336 335/335/335 334/334/334 333/333/333
f 340/340/340 339/339/339 338/338/338 337/337/337
f 344/344/344 343/343/343 342/342/342 341/341/341
f 348/348/348 347/347/347 346/346/346 345/345/345
#block begin
o 12_bok
g 12_bok
v 1.20729854152361 2.25926885856335 0.119903703924051
v 1.20729854152359 2.27526885932331 0.601000001426569
v 1.20729854152359 2.25926885856335 0.601000001426569
v 1.20729854152359 2.27526885932331 0.601000001426569
v 1.20729854152361 2.25926885856335 0.119903703924051
v 1.20729854152361 2.27526885932331 0.119903703924051
v 0.436000013806018 2.27526885932331 0.119903703924051
v 0.436000013806003 2.25926885856335 0.601000001426569
v 0.436000013806003 2.27526885932331 0.601000001426569
v 0.436000013806003 2.25926885856335 0.601000001426569
v 0.436000013806018 2.27526885932331 0.119903703924051
v 0.436000013806018 2.25926885856335 0.119903703924051
v 0.436000013806003 2.25926885856335 0.601000001426569
v 0.436000013806018 2.25926885856335 0.119903703924051
v 1.20729854152361 2.25926885856335 0.119903703924051
v 1.20729854152359 2.25926885856335 0.601000001426569
v 0.436000013806018 2.25926885856335 0.119903703924051
v 0.436000013806018 2.27526885932331 0.119903703924051
v 1.20729854152361 2.27526885932331 0.119903703924051
v 1.20729854152361 2.25926885856335 0.119903703924051
v 0.436000013806018 2.27526885932331 0.119903703924051
v 0.436000013806003 2.27526885932331 0.601000001426569
v 1.20729854152359 2.27526885932331 0.601000001426569
v 1.20729854152361 2.27526885932331 0.119903703924051
v 0.436000013806003 2.27526885932331 0.601000001426569
v 0.436000013806003 2.25926885856335 0.601000001426569
v 1.20729854152359 2.25926885856335 0.601000001426569
v 1.20729854152359 2.27526885932331 0.601000001426569
vn 1 0 3.17418888333817E-014
vn 1 0 3.17418888333817E-014
vn 1 0 3.17418888333817E-014
vn 1 0 3.17418888333817E-014
vn 1 0 3.17418888333817E-014
vn 1 0 3.17418888333817E-014
vn -1 0 -3.17418888333817E-014
vn -1 0 -3.17418888333817E-014
vn -1 0 -3.17418888333817E-014
vn -1 0 -3.17418888333817E-014
vn -1 0 -3.17418888333817E-014
vn -1 0 -3.17418888333817E-014
vn 0 -1 0
vn 0 -1 0
vn 0 -1 0
vn 0 -1 0
vn 0 0 -1
vn 0 0 -1
vn 0 0 -1
vn 0 0 -1
vn 0 1 0
vn 0 1 0
vn 0 1 0
vn 0 1 0
vn 0 0 1
vn 0 0 1
vn 0 0 1
vn 0 0 1
vt -0.999999999999994 6.10928072122376E-018
vt -5.52349722491262E-015 -1
vt -1 -1
vt -5.52349722491262E-015 -1
vt -0.999999999999994 6.10928072122376E-018
vt 0 0
vt 8.34044042493497E-017 0
vt -1 -1
vt -5.44009282066327E-015 -1
vt -1 -1
vt 8.34044042493497E-017 0
vt -0.999999999999994 0
vt -1.11022302462516E-016 -1
vt 3.55843282894855E-018 -4.44089209850063E-016
vt -1 -1.11022302462516E-016
vt -1 -1
vt 0 -1
vt 3.81065450940444E-018 -8.88178419700125E-015
vt -1 0
vt -1 -0.999999999999991
vt -1.11022302462516E-016 -1
vt 3.55843282894855E-018 -4.44089209850063E-016
vt -1 -1.11022302462516E-016
vt -1 -1
vt 0 -1
vt 3.81065450940444E-018 -8.88178419700125E-015
vt -1 0
vt -1 -0.999999999999991
usemtl material_2
f 349/349/349 350/350/350 351/351/351
f 352/352/352 353/353/353 354/354/354
f 355/355/355 356/356/356 357/357/357
f 358/358/358 359/359/359 360/360/360
f 361/361/361 362/362/362 363/363/363 364/364/364
f 365/365/365 366/366/366 367/367/367 368/368/368
f 369/369/369 370/370/370 371/371/371 372/372/372
f 373/373/373 374/374/374 375/375/375 376/376/376
#block begin
o 13_bok
g 13_bok
v 1.20729854152361 2.60114744300007 0.119903703924051
v 1.20729854152359 2.61714744376003 0.601000001426569
v 1.20729854152359 2.60114744300007 0.601000001426569
v 1.20729854152359 2.61714744376003 0.601000001426569
v 1.20729854152361 2.60114744300007 0.119903703924051
v 1.20729854152361 2.61714744376003 0.119903703924051
v 0.436000013806018 2.61714744376003 0.119903703924051
v 0.436000013806003 2.60114744300007 0.601000001426569
v 0.436000013806003 2.61714744376003 0.601000001426569
v 0.436000013806003 2.60114744300007 0.601000001426569
v 0.436000013806018 2.61714744376003 0.119903703924051
v 0.436000013806018 2.60114744300007 0.119903703924051
v 0.436000013806003 2.60114744300007 0.601000001426569
v 0.436000013806018 2.60114744300007 0.119903703924051
v 1.20729854152361 2.60114744300007 0.119903703924051
v 1.20729854152359 2.60114744300007 0.601000001426569
v 0.436000013806018 2.60114744300007 0.119903703924051
v 0.436000013806018 2.61714744376003 0.119903703924051
v 1.20729854152361 2.61714744376003 0.119903703924051
v 1.20729854152361 2.60114744300007 0.119903703924051
v 0.436000013806018 2.61714744376003 0.119903703924051
v 0.436000013806003 2.61714744376003 0.601000001426569
v 1.20729854152359 2.61714744376003 0.601000001426569
v 1.20729854152361 2.61714744376003 0.119903703924051
v 0.436000013806003 2.61714744376003 0.601000001426569
v 0.436000013806003 2.60114744300007 0.601000001426569
v 1.20729854152359 2.60114744300007 0.601000001426569
v 1.20729854152359 2.61714744376003 0.601000001426569
vn 1 0 3.17418888333817E-014
vn 1 0 3.17418888333817E-014
vn 1 0 3.17418888333817E-014
vn 1 0 3.17418888333817E-014
vn 1 0 3.17418888333817E-014
vn 1 0 3.17418888333817E-014
vn -1 0 -3.17418888333817E-014
vn -1 0 -3.17418888333817E-014
vn -1 0 -3.17418888333817E-014
vn -1 0 -3.17418888333817E-014
vn -1 0 -3.17418888333817E-014
vn -1 0 -3.17418888333817E-014
vn 0 -1 0
vn 0 -1 0
vn 0 -1 0
vn 0 -1 0
vn 0 0 -1
vn 0 0 -1
vn 0 0 -1
vn 0 0 -1
vn 0 1 0
vn 0 1 0
vn 0 1 0
vn 0 1 0
vn 0 0 1
vn 0 0 1
vn 0 0 1
vn 0 0 1
vt -0.999999999999994 6.10928072122376E-018
vt -5.52349722491262E-015 -1
vt -1 -1
vt -5.52349722491262E-015 -1
vt -0.999999999999994 6.10928072122376E-018
vt 0 0
vt 8.34044042493497E-017 0
vt -1 -1
vt -5.44009282066327E-015 -1
vt -1 -1
vt 8.34044042493497E-017 0
vt -0.999999999999994 0
vt -1.11022302462516E-016 -1
vt 3.55843282894855E-018 -4.44089209850063E-016
vt -1 -1.11022302462516E-016
vt -1 -1
vt 0 -1
vt 3.81065450940444E-018 -8.88178419700125E-015
vt -1 0
vt -1 -0.999999999999991
vt -1.11022302462516E-016 -1
vt 3.55843282894855E-018 -4.44089209850063E-016
vt -1 -1.11022302462516E-016
vt -1 -1
vt 0 -1
vt 3.81065450940444E-018 -8.88178419700125E-015
vt -1 0
vt -1 -0.999999999999991
usemtl material_2
f 377/377/377 378/378/378 379/379/379
f 380/380/380 381/381/381 382/382/382
f 383/383/383 384/384/384 385/385/385
f 386/386/386 387/387/387 388/388/388
f 389/389/389 390/390/390 391/391/391 392/392/392
f 393/393/393 394/394/394 395/395/395 396/396/396
f 397/397/397 398/398/398 399/399/399 400/400/400
f 401/401/401 402/402/402 403/403/403 404/404/404
#block begin
o 14_bok
g 14_bok
v 1.22300000007392 1.48051299956894 0.103170228874798
v 1.22300000007392 2.95900001433945 0.600952489054318
v 1.22300000007392 1.48051299956894 0.600952489054318
v 1.22300000007392 2.95900001433945 0.600952489054318
v 1.22300000007392 1.48051299956894 0.103170228874798
v 1.22300000007392 2.95900001433945 0.103170228874798
v 1.20729855525435 2.95900001433945 0.103170228874798
v 1.20729855525435 1.48051299956894 0.600952489054318
v 1.20729855525435 2.95900001433945 0.600952489054318
v 1.20729855525435 1.48051299956894 0.600952489054318
v 1.20729855525435 2.95900001433945 0.103170228874798
v 1.20729855525435 1.48051299956894 0.103170228874798
v 1.20729855525435 1.48051299956894 0.600952489054318
v 1.20729855525435 1.48051299956894 0.103170228874798
v 1.22300000007392 1.48051299956894 0.103170228874798
v 1.22300000007392 1.48051299956894 0.600952489054318
v 1.20729855525435 1.48051299956894 0.103170228874798
v 1.20729855525435 2.95900001433945 0.103170228874798
v 1.22300000007392 2.95900001433945 0.103170228874798
v 1.22300000007392 1.48051299956894 0.103170228874798
v 1.20729855525435 2.95900001433945 0.103170228874798
v 1.20729855525435 2.95900001433945 0.600952489054318
v 1.22300000007392 2.95900001433945 0.600952489054318
v 1.22300000007392 2.95900001433945 0.103170228874798
v 1.20729855525435 2.95900001433945 0.600952489054318
v 1.20729855525435 1.48051299956894 0.600952489054318
v 1.22300000007392 1.48051299956894 0.600952489054318
v 1.22300000007392 2.95900001433945 0.600952489054318
vn 1 0 0
vn 1 0 0
vn 1 0 0
vn 1 0 0
vn 1 0 0
vn 1 0 0
vn -1 0 0
vn -1 0 0
vn -1 0 0
vn -1 0 0
vn -1 0 0
vn -1 0 0
vn 0 -1 0
vn 0 -1 0
vn 0 -1 0
vn 0 -1 0
vn 0 0 -1
vn 0 0 -1
vn 0 0 -1
vn 0 0 -1
vn 0 1 0
vn 0 1 0
vn 0 1 0
vn 0 1 0
vn 0 0 1
vn 0 0 1
vn 0 0 1
vn 0 0 1
vt -1 4.6006962394826E-017
vt -6.18477679054964E-017 -1
vt -1 -1
vt -6.18477679054964E-017 -1
vt -1 4.6006962394826E-017
vt 0 -4.9960036108132E-016
vt 6.18477679054964E-017 -4.44089209850063E-016
vt -1 -0.999999999999999
vt 0 -1
vt -1 -0.999999999999999
vt 6.18477679054964E-017 -4.44089209850063E-016
vt -1 0
vt -5.71764857681956E-015 -1
vt 1.06090695514005E-016 0
vt -0.999999999999994 0
vt -1 -1
vt -1.72084568816899E-014 -1
vt 8.89102678320541E-017 0
vt -0.999999999999983 0
vt -1 -1
vt -5.71764857681956E-015 -1
vt 1.06090695514005E-016 0
vt -0.999999999999994 0
vt -1 -1
vt -1.72084568816899E-014 -1
vt 8.89102678320541E-017 0
vt -0.999999999999983 0
vt -1 -1
usemtl material_2
f 405/405/405 406/406/406 407/407/407
f 408/408/408 409/409/409 410/410/410
f 411/411/411 412/412/412 413/413/413
f 414/414/414 415/415/415 416/416/416
f 417/417/417 418/418/418 419/419/419 420/420/420
f 421/421/421 422/422/422 423/423/423 424/424/424
f 425/425/425 426/426/426 427/427/427 428/428/428
f 429/429/429 430/430/430 431/431/431 432/432/432
#block begin
o 15_plecy
g 15_plecy
v 0.43600001380534 1.92639029655236 0.103999999809791
v 1.20729854152293 2.94301057491082 0.103999999809793
v 1.20729854152293 1.92639029655236 0.103999999809793
v 1.20729854152293 2.94301057491082 0.103999999809793
v 0.43600001380534 1.92639029655236 0.103999999809791
v 0.43600001380534 2.94301057491082 0.103999999809791
v 0.43600001380534 2.94301057491082 0.119903705540825
v 1.20729854152293 1.92639029655236 0.119903705540828
v 1.20729854152293 2.94301057491082 0.119903705540828
v 1.20729854152293 1.92639029655236 0.119903705540828
v 0.43600001380534 2.94301057491082 0.119903705540825
v 0.43600001380534 1.92639029655236 0.119903705540825
v 1.20729854152293 1.92639029655236 0.119903705540828
v 0.43600001380534 1.92639029655236 0.119903705540825
v 0.43600001380534 1.92639029655236 0.103999999809791
v 1.20729854152293 1.92639029655236 0.103999999809793
v 0.43600001380534 1.92639029655236 0.119903705540825
v 0.43600001380534 2.94301057491082 0.119903705540825
v 0.43600001380534 2.94301057491082 0.103999999809791
v 0.43600001380534 1.92639029655236 0.103999999809791
v 0.43600001380534 2.94301057491082 0.119903705540825
v 1.20729854152293 2.94301057491082 0.119903705540828
v 1.20729854152293 2.94301057491082 0.103999999809793
v 0.43600001380534 2.94301057491082 0.103999999809791
v 1.20729854152293 2.94301057491082 0.119903705540828
v 1.20729854152293 1.92639029655236 0.119903705540828
v 1.20729854152293 1.92639029655236 0.103999999809793
v 1.20729854152293 2.94301057491082 0.103999999809793
vn 3.39622372163026E-015 0 -1
vn 3.39622372163026E-015 0 -1
vn 3.39622372163026E-015 0 -1
vn 3.39622372163026E-015 0 -1
vn 3.39622372163026E-015 0 -1
vn 3.39622372163026E-015 0 -1
vn -3.39622372163026E-015 0 1
vn -3.39622372163026E-015 0 1
vn -3.39622372163026E-015 0 1
vn -3.39622372163026E-015 0 1
vn -3.39622372163026E-015 0 1
vn -3.39622372163026E-015 0 1
vn 0 -1 0
vn 0 -1 0
vn 0 -1 0
vn 0 -1 0
vn -1 0 0
vn -1 0 0
vn -1 0 0
vn -1 0 0
vn 0 1 0
vn 0 1 0
vn 0 1 0
vn 0 1 0
vn 1 0 0
vn 1 0 0
vn 1 0 0
vn 1 0 0
vt -1 -9.09426063819629E-017
vt -1.39368890151648E-016 -1
vt -1 -1
vt -1.39368890151648E-016 -1
vt -1 -9.09426063819629E-017
vt 0 -3.33066907387547E-016
vt -8.26757147733835E-017 -3.33066907387547E-016
vt -1 -1
vt -2.22044604925031E-016 -1
vt -1 -1
vt -8.26757147733835E-017 -3.33066907387547E-016
vt -1 -1.11022302462516E-016
vt -8.93729534823251E-015 -1
vt -2.83497332423191E-017 0
vt -0.999999999999991 0
vt -1 -1
vt -1.17683640610267E-014 -1
vt -2.58097657632059E-017 0
vt -0.999999999999988 0
vt -1 -1
vt -8.93729534823251E-015 -1
vt -2.83497332423191E-017 0
vt -0.999999999999991 0
vt -1 -1
vt -1.17683640610267E-014 -1
vt -2.58097657632059E-017 0
vt -0.999999999999988 0
vt -1 -1
usemtl material_2
f 433/433/433 434/434/434 435/435/435
f 436/436/436 437/437/437 438/438/438
f 439/439/439 440/440/440 441/441/441
f 442/442/442 443/443/443 444/444/444
f 445/445/445 446/446/446 447/447/447 448/448/448
f 449/449/449 450/450/450 451/451/451 452/452/452
f 453/453/453 454/454/454 455/455/455 456/456/456
f 457/457/457 458/458/458 459/459/459 460/460/460
#block begin
o 16_bok
g 16_bok
v 0.436000000379979 1.48051299956894 0.103181396560781
v 0.436000000379979 2.95900001433945 0.600966666774861
v 0.436000000379979 1.48051299956894 0.600966666774861
v 0.436000000379979 2.95900001433945 0.600966666774861
v 0.436000000379979 1.48051299956894 0.103181396560781
v 0.436000000379979 2.95900001433945 0.103181396560781
v 0.41999999962002 2.95900001433945 0.103181396560781
v 0.41999999962002 1.48051299956894 0.600966666774861
v 0.41999999962002 2.95900001433945 0.600966666774861
v 0.41999999962002 1.48051299956894 0.600966666774861
v 0.41999999962002 2.95900001433945 0.103181396560781
v 0.41999999962002 1.48051299956894 0.103181396560781
v 0.41999999962002 1.48051299956894 0.600966666774861
v 0.41999999962002 1.48051299956894 0.103181396560781
v 0.436000000379979 1.48051299956894 0.103181396560781
v 0.436000000379979 1.48051299956894 0.600966666774861
v 0.41999999962002 1.48051299956894 0.103181396560781
v 0.41999999962002 2.95900001433945 0.103181396560781
v 0.436000000379979 2.95900001433945 0.103181396560781
v 0.436000000379979 1.48051299956894 0.103181396560781
v 0.41999999962002 2.95900001433945 0.103181396560781
v 0.41999999962002 2.95900001433945 0.600966666774861
v 0.436000000379979 2.95900001433945 0.600966666774861
v 0.436000000379979 2.95900001433945 0.103181396560781
v 0.41999999962002 2.95900001433945 0.600966666774861
v 0.41999999962002 1.48051299956894 0.600966666774861
v 0.436000000379979 1.48051299956894 0.600966666774861
v 0.436000000379979 2.95900001433945 0.600966666774861
vn 1 0 0
vn 1 0 0
vn 1 0 0
vn 1 0 0
vn 1 0 0
vn 1 0 0
vn -1 0 0
vn -1 0 0
vn -1 0 0
vn -1 0 0
vn -1 0 0
vn -1 0 0
vn 0 -1 0
vn 0 -1 0
vn 0 -1 0
vn 0 -1 0
vn 0 0 -1
vn 0 0 -1
vn 0 0 -1
vn 0 0 -1
vn 0 1 0
vn 0 1 0
vn 0 1 0
vn 0 1 0
vn 0 0 1
vn 0 0 1
vn 0 0 1
vn 0 0 1
vt -1 -9.50747451934201E-018
vt -6.1848140359034E-017 -1
vt -1 -0.999999999999999
vt -6.1848140359034E-017 -1
vt -1 -9.50747451934201E-018
vt 0 -5.55111512312578E-016
vt 6.1848140359034E-017 -5.55111512312578E-016
vt -1 -0.999999999999999
vt 0 -1
vt -1 -0.999999999999999
vt 6.1848140359034E-017 -5.55111512312578E-016
vt -1 0
vt -5.60662627435704E-015 -1
vt 1.08478140318137E-016 0
vt -0.999999999999994 0
vt -1 -1
vt -1.69309011255336E-014 -1
vt 4.37022035116253E-017 0
vt -0.999999999999983 0
vt -1 -1
vt -5.60662627435704E-015 -1
vt 1.08478140318137E-016 0
vt -0.999999999999994 0
vt -1 -1
vt -1.69309011255336E-014 -1
vt 4.37022035116253E-017 0
vt -0.999999999999983 0
vt -1 -1
usemtl material_2
f 461/461/461 462/462/462 463/463/463
f 464/464/464 465/465/465 466/466/466
f 467/467/467 468/468/468 469/469/469
f 470/470/470 471/471/471 472/472/472
f 473/473/473 474/474/474 475/475/475 476/476/476
f 477/477/477 478/478/478 479/479/479 480/480/480
f 481/481/481 482/482/482 483/483/483 484/484/484
f 485/485/485 486/486/486 487/487/487 488/488/488
#block begin
o 17_wieniec
g 17_wieniec
v 0.436146428781148 1.4805130135284 0.584966673950378
v 1.20729856749117 1.4805130135284 0.119903698066894
v 1.20729856749117 1.4805130135284 0.584966673950378
v 1.20729856749117 1.4805130135284 0.119903698066894
v 0.436146428781148 1.4805130135284 0.584966673950378
v 0.436146428781148 1.4805130135284 0.119903698066894
v 0.436146428781148 1.49651301428836 0.119903698066894
v 1.20729856749117 1.49651301428836 0.584966673950378
v 1.20729856749117 1.49651301428836 0.119903698066894
v 1.20729856749117 1.49651301428836 0.584966673950378
v 0.436146428781148 1.49651301428836 0.119903698066894
v 0.436146428781148 1.49651301428836 0.584966673950378
v 1.20729856749117 1.49651301428836 0.584966673950378
v 0.436146428781148 1.49651301428836 0.584966673950378
v 0.436146428781148 1.4805130135284 0.584966673950378
v 1.20729856749117 1.4805130135284 0.584966673950378
v 0.436146428781148 1.49651301428836 0.584966673950378
v 0.436146428781148 1.49651301428836 0.119903698066894
v 0.436146428781148 1.4805130135284 0.119903698066894
v 0.436146428781148 1.4805130135284 0.584966673950378
v 0.436146428781148 1.49651301428836 0.119903698066894
v 1.20729856749117 1.49651301428836 0.119903698066894
v 1.20729856749117 1.4805130135284 0.119903698066894
v 0.436146428781148 1.4805130135284 0.119903698066894
v 1.20729856749117 1.49651301428836 0.119903698066894
v 1.20729856749117 1.49651301428836 0.584966673950378
v 1.20729856749117 1.4805130135284 0.584966673950378
v 1.20729856749117 1.4805130135284 0.119903698066894
vn 0 -1 0
vn 0 -1 0
vn 0 -1 0
vn 0 -1 0
vn 0 -1 0
vn 0 -1 0
vn 0 1 0
vn 0 1 0
vn 0 1 0
vn 0 1 0
vn 0 1 0
vn 0 1 0
vn 0 0 1
vn 0 0 1
vn 0 0 1
vn 0 0 1
vn -1 0 0
vn -1 0 0
vn -1 0 0
vn -1 0 0
vn 0 0 -1
vn 0 0 -1
vn 0 0 -1
vn 0 0 -1
vn 1 0 0
vn 1 0 0
vn 1 0 0
vn 1 0 0
vt -2.22044604925031E-016 -1
vt -1 0
vt -1.11022302462516E-016 0
vt -1 0
vt -2.22044604925031E-016 -1
vt -1 -1
vt -1 -1
vt 0 -3.69277251760145E-017
vt -1 0
vt 0 -3.69277251760145E-017
vt -1 -1
vt -1.11022302462516E-016 -1
vt -0.999999999999997 0
vt -1 -1
vt -2.88657986402541E-015 -1
vt 1.11022302462516E-016 -1.27045938284199E-018
vt -0.999999999999998 -5.55111512312578E-017
vt -1 -1
vt -1.66533453693774E-015 -1
vt 1.11022302462516E-016 -5.76177852159241E-017
vt -0.999999999999997 0
vt -1 -1
vt -2.88657986402541E-015 -1
vt 1.11022302462516E-016 -1.27045938284199E-018
vt -0.999999999999998 -5.55111512312578E-017
vt -1 -1
vt -1.66533453693774E-015 -1
vt 1.11022302462516E-016 -5.76177852159241E-017
usemtl material_2
f 489/489/489 490/490/490 491/491/491
f 492/492/492 493/493/493 494/494/494
f 495/495/495 496/496/496 497/497/497
f 498/498/498 499/499/499 500/500/500
f 501/501/501 502/502/502 503/503/503 504/504/504
f 505/505/505 506/506/506 507/507/507 508/508/508
f 509/509/509 510/510/510 511/511/511 512/512/512
f 513/513/513 514/514/514 515/515/515 516/516/516
#block begin
o 18_listwa
g 18_listwa
v 0.435985182160154 2.94302602783006 0.600886553782059
v 1.20728877627255 2.94302602783006 0.103170216339665
v 1.20728877627255 2.94302602783006 0.600886553782063
v 1.20728877627255 2.94302602783006 0.103170216339665
v 0.435985182160154 2.94302602783006 0.600886553782059
v 0.435985182160154 2.94302602783006 0.103170216339661
v 0.435985182160154 2.95899999998671 0.103170216339661
v 1.20728877627255 2.95899999998671 0.600886553782063
v 1.20728877627255 2.95899999998671 0.103170216339665
v 1.20728877627255 2.95899999998671 0.600886553782063
v 0.435985182160154 2.95899999998671 0.103170216339661
v 0.435985182160154 2.95899999998671 0.600886553782059
v 1.20728877627255 2.95899999998671 0.600886553782063
v 0.435985182160154 2.95899999998671 0.600886553782059
v 0.435985182160154 2.94302602783006 0.600886553782059
v 1.20728877627255 2.94302602783006 0.600886553782063
v 0.435985182160154 2.95899999998671 0.600886553782059
v 0.435985182160154 2.95899999998671 0.103170216339661
v 0.435985182160154 2.94302602783006 0.103170216339661
v 0.435985182160154 2.94302602783006 0.600886553782059
v 0.435985182160154 2.95899999998671 0.103170216339661
v 1.20728877627255 2.95899999998671 0.103170216339665
v 1.20728877627255 2.94302602783006 0.103170216339665
v 0.435985182160154 2.94302602783006 0.103170216339661
v 1.20728877627255 2.95899999998671 0.103170216339665
v 1.20728877627255 2.95899999998671 0.600886553782063
v 1.20728877627255 2.94302602783006 0.600886553782063
v 1.20728877627255 2.94302602783006 0.103170216339665
vn 0 -1 0
vn 0 -1 0
vn 0 -1 0
vn 0 -1 0
vn 0 -1 0
vn 0 -1 0
vn 0 1 0
vn 0 1 0
vn 0 1 0
vn 0 1 0
vn 0 1 0
vn 0 1 0
vn -4.8164945941283E-015 0 1
vn -4.8164945941283E-015 0 1
vn -4.8164945941283E-015 0 1
vn -4.8164945941283E-015 0 1
vn -1 0 0
vn -1 0 0
vn -1 0 0
vn -1 0 0
vn 4.8164945941283E-015 0 -1
vn 4.8164945941283E-015 0 -1
vn 4.8164945941283E-015 0 -1
vn 4.8164945941283E-015 0 -1
vn 1 0 0
vn 1 0 0
vn 1 0 0
vn 1 0 0
vt -1.11022302462516E-016 -1
vt -1 0
vt 0 0
vt -1 0
vt -1.11022302462516E-016 -1
vt -1 -1
vt -1 -1
vt 0 -3.95127613497348E-017
vt -1 0
vt 0 -3.95127613497348E-017
vt -1 -1
vt -1.11022302462516E-016 -1
vt -0.999999999999997 -5.55111512312578E-017
vt -1 -1
vt -2.88657986402541E-015 -1
vt 1.11022302462516E-016 -5.67792947893854E-017
vt -0.999999999999998 -5.55111512312578E-017
vt -1 -1
vt -1.77635683940025E-015 -1
vt 1.11022302462516E-016 -5.74763744860617E-017
vt -0.999999999999997 -5.55111512312578E-017
vt -1 -1
vt -2.88657986402541E-015 -1
vt 1.11022302462516E-016 -5.67792947893854E-017
vt -0.999999999999998 -5.55111512312578E-017
vt -1 -1
vt -1.77635683940025E-015 -1
vt 1.11022302462516E-016 -5.74763744860617E-017
usemtl material_2
f 517/517/517 518/518/518 519/519/519
f 520/520/520 521/521/521 522/522/522
f 523/523/523 524/524/524 525/525/525
f 526/526/526 527/527/527 528/528/528
f 529/529/529 530/530/530 531/531/531 532/532/532
f 533/533/533 534/534/534 535/535/535 536/536/536
f 537/537/537 538/538/538 539/539/539 540/540/540
f 541/541/541 542/542/542 543/543/543 544/544/544
#block begin
o 19_bok
g 19_bok
v 1.20729854152294 1.91739027412663 0.119903703924051
v 1.20729854152292 1.93339027488659 0.601000001426569
v 1.20729854152292 1.91739027412663 0.601000001426569
v 1.20729854152292 1.93339027488659 0.601000001426569
v 1.20729854152294 1.91739027412663 0.119903703924051
v 1.20729854152294 1.93339027488659 0.119903703924051
v 0.436000013805348 1.93339027488659 0.119903703924051
v 0.436000013805332 1.91739027412663 0.601000001426569
v 0.436000013805332 1.93339027488659 0.601000001426569
v 0.436000013805332 1.91739027412663 0.601000001426569
v 0.436000013805348 1.93339027488659 0.119903703924051
v 0.436000013805348 1.91739027412663 0.119903703924051
v 0.436000013805332 1.91739027412663 0.601000001426569
v 0.436000013805348 1.91739027412663 0.119903703924051
v 1.20729854152294 1.91739027412663 0.119903703924051
v 1.20729854152292 1.91739027412663 0.601000001426569
v 0.436000013805348 1.91739027412663 0.119903703924051
v 0.436000013805348 1.93339027488659 0.119903703924051
v 1.20729854152294 1.93339027488659 0.119903703924051
v 1.20729854152294 1.91739027412663 0.119903703924051
v 0.436000013805348 1.93339027488659 0.119903703924051
v 0.436000013805332 1.93339027488659 0.601000001426569
v 1.20729854152292 1.93339027488659 0.601000001426569
v 1.20729854152294 1.93339027488659 0.119903703924051
v 0.436000013805332 1.93339027488659 0.601000001426569
v 0.436000013805332 1.91739027412663 0.601000001426569
v 1.20729854152292 1.91739027412663 0.601000001426569
v 1.20729854152292 1.93339027488659 0.601000001426569
vn 1 0 3.17418888334368E-014
vn 1 0 3.17418888334368E-014
vn 1 0 3.17418888334368E-014
vn 1 0 3.17418888334368E-014
vn 1 0 3.17418888334368E-014
vn 1 0 3.17418888334368E-014
vn -1 0 -3.17418888334368E-014
vn -1 0 -3.17418888334368E-014
vn -1 0 -3.17418888334368E-014
vn -1 0 -3.17418888334368E-014
vn -1 0 -3.17418888334368E-014
vn -1 0 -3.17418888334368E-014
vn 0 -1 0
vn 0 -1 0
vn 0 -1 0
vn 0 -1 0
vn 0 0 -1
vn 0 0 -1
vn 0 0 -1
vn 0 0 -1
vn 0 1 0
vn 0 1 0
vn 0 1 0
vn 0 1 0
vn 0 0 1
vn 0 0 1
vn 0 0 1
vn 0 0 1
vt -0.999999999999994 6.10928072122376E-018
vt -5.52349722491262E-015 -1
vt -1 -1
vt -5.52349722491262E-015 -1
vt -0.999999999999994 6.10928072122376E-018
vt 0 0
vt 8.34044042493497E-017 0
vt -1 -1
vt -5.44009282066327E-015 -1
vt -1 -1
vt 8.34044042493497E-017 0
vt -0.999999999999994 0
vt -1.11022302462516E-016 -1
vt 3.55843282874971E-018 -4.44089209850063E-016
vt -1 -1.11022302462516E-016
vt -1 -1
vt 0 -1
vt 3.81065450939783E-018 -8.88178419700125E-015
vt -1 0
vt -1 -0.999999999999991
vt -1.11022302462516E-016 -1
vt 3.55843282874971E-018 -4.44089209850063E-016
vt -1 -1.11022302462516E-016
vt -1 -1
vt 0 -1
vt 3.81065450939783E-018 -8.88178419700125E-015
vt -1 0
vt -1 -0.999999999999991
usemtl material_2
f 545/545/545 546/546/546 547/547/547
f 548/548/548 549/549/549 550/550/550
f 551/551/551 552/552/552 553/553/553
f 554/554/554 555/555/555 556/556/556
f 557/557/557 558/558/558 559/559/559 560/560/560
f 561/561/561 562/562/562 563/563/563 564/564/564
f 565/565/565 566/566/566 567/567/567 568/568/568
f 569/569/569 570/570/570 571/571/571 572/572/572
#block begin
o 20_listwa
g 20_listwa
v 0.420000013351441 2.95900000038743 0.617000006473757
v 1.22299998664856 2.95900000038743 0.119283669031363
v 1.22299998664856 2.95900000038743 0.617000006473761
v 1.22299998664856 2.95900000038743 0.119283669031363
v 0.420000013351441 2.95900000038743 0.617000006473757
v 0.420000013351441 2.95900000038743 0.119283669031359
v 0.420000013351441 2.97699999961257 0.119283669031359
v 1.22299998664856 2.97699999961257 0.617000006473761
v 1.22299998664856 2.97699999961257 0.119283669031363
v 1.22299998664856 2.97699999961257 0.617000006473761
v 0.420000013351441 2.97699999961257 0.119283669031359
v 0.420000013351441 2.97699999961257 0.617000006473757
v 1.22299998664856 2.97699999961257 0.617000006473761
v 0.420000013351441 2.97699999961257 0.617000006473757
v 0.420000013351441 2.95900000038743 0.617000006473757
v 1.22299998664856 2.95900000038743 0.617000006473761
v 0.420000013351441 2.97699999961257 0.617000006473757
v 0.420000013351441 2.97699999961257 0.119283669031359
v 0.420000013351441 2.95900000038743 0.119283669031359
v 0.420000013351441 2.95900000038743 0.617000006473757
v 0.420000013351441 2.97699999961257 0.119283669031359
v 1.22299998664856 2.97699999961257 0.119283669031363
v 1.22299998664856 2.95900000038743 0.119283669031363
v 0.420000013351441 2.95900000038743 0.119283669031359
v 1.22299998664856 2.97699999961257 0.119283669031363
v 1.22299998664856 2.97699999961257 0.617000006473761
v 1.22299998664856 2.95900000038743 0.617000006473761
v 1.22299998664856 2.95900000038743 0.119283669031363
vn 0 -1 0
vn 0 -1 0
vn 0 -1 0
vn 0 -1 0
vn 0 -1 0
vn 0 -1 0
vn 0 1 0
vn 0 1 0
vn 0 1 0
vn 0 1 0
vn 0 1 0
vn 0 1 0
vn -4.62637563274645E-015 0 1
vn -4.62637563274645E-015 0 1
vn -4.62637563274645E-015 0 1
vn -4.62637563274645E-015 0 1
vn -1 0 0
vn -1 0 0
vn -1 0 0
vn -1 0 0
vn 4.62637563274645E-015 0 -1
vn 4.62637563274645E-015 0 -1
vn 4.62637563274645E-015 0 -1
vn 4.62637563274645E-015 0 -1
vn 1 0 0
vn 1 0 0
vn 1 0 0
vn 1 0 0
vt -1.11022302462516E-016 -1
vt -1 0
vt 0 0
vt -1 0
vt -1.11022302462516E-016 -1
vt -1 -1
vt -1 -1
vt 0 -3.79530948739749E-017
vt -1 0
vt 0 -3.79530948739749E-017
vt -1 -1
vt -1.11022302462516E-016 -1
vt -0.999999999999997 -5.55111512312578E-017
vt -1 -1
vt -2.77555756156289E-015 -1
vt 0 -5.68837317035276E-017
vt -0.999999999999998 -5.55111512312578E-017
vt -1 -1
vt -1.66533453693774E-015 -1
vt 0 -5.77256297705165E-017
vt -0.999999999999997 -5.55111512312578E-017
vt -1 -1
vt -2.77555756156289E-015 -1
vt 0 -5.68837317035276E-017
vt -0.999999999999998 -5.55111512312578E-017
vt -1 -1
vt -1.66533453693774E-015 -1
vt 0 -5.77256297705165E-017
usemtl material_2
f 573/573/573 574/574/574 575/575/575
f 576/576/576 577/577/577 578/578/578
f 579/579/579 580/580/580 581/581/581
f 582/582/582 583/583/583 584/584/584
f 585/585/585 586/586/586 587/587/587 588/588/588
f 589/589/589 590/590/590 591/591/591 592/592/592
f 593/593/593 594/594/594 595/595/595 596/596/596
f 597/597/597 598/598/598 599/599/599 600/600/600
#block begin
o 21_
g 21_
v 1.22299998664856 -1.49011691874534E-010 0.60099999962002
v 0.42000001335144 0.0700000001490115 0.60099999962002
v 0.42000001335144 -1.49011691874534E-010 0.60099999962002
v 0.42000001335144 0.0700000001490115 0.60099999962002
v 1.22299998664856 -1.49011691874534E-010 0.60099999962002
v 1.22299998664856 0.0700000001490115 0.60099999962002
v 1.22299998664856 0.0700000001490115 0.61700000037998
v 0.42000001335144 -1.49011691874534E-010 0.61700000037998
v 0.42000001335144 0.0700000001490115 0.61700000037998
v 0.42000001335144 -1.49011691874534E-010 0.61700000037998
v 1.22299998664856 0.0700000001490115 0.61700000037998
v 1.22299998664856 -1.49011691874534E-010 0.61700000037998
v 0.42000001335144 -1.49011691874534E-010 0.61700000037998
v 1.22299998664856 -1.49011691874534E-010 0.61700000037998
v 1.22299998664856 -1.49011691874534E-010 0.60099999962002
v 0.42000001335144 -1.49011691874534E-010 0.60099999962002
v 1.22299998664856 -1.49011691874534E-010 0.61700000037998
v 1.22299998664856 0.0700000001490115 0.61700000037998
v 1.22299998664856 0.0700000001490115 0.60099999962002
v 1.22299998664856 -1.49011691874534E-010 0.60099999962002
v 1.22299998664856 0.0700000001490115 0.61700000037998
v 0.42000001335144 0.0700000001490115 0.61700000037998
v 0.42000001335144 0.0700000001490115 0.60099999962002
v 1.22299998664856 0.0700000001490115 0.60099999962002
v 0.42000001335144 0.0700000001490115 0.61700000037998
v 0.42000001335144 -1.49011691874534E-010 0.61700000037998
v 0.42000001335144 -1.49011691874534E-010 0.60099999962002
v 0.42000001335144 0.0700000001490115 0.60099999962002
vn 0 0 -1
vn 0 0 -1
vn 0 0 -1
vn 0 0 -1
vn 0 0 -1
vn 0 0 -1
vn 0 0 1
vn 0 0 1
vn 0 0 1
vn 0 0 1
vn 0 0 1
vn 0 0 1
vn -3.45648503175491E-017 -1 0
vn -3.45648503175491E-017 -1 0
vn -3.45648503175491E-017 -1 0
vn -3.45648503175491E-017 -1 0
vn 1 1.40171850363836E-013 0
vn 1 1.40171850363836E-013 0
vn 1 1.40171850363836E-013 0
vn 1 1.40171850363836E-013 0
vn 0 1 0
vn 0 1 0
vn 0 1 0
vn 0 1 0
vn -1 0 0
vn -1 0 0
vn -1 0 0
vn -1 0 0
vt -1 -1
vt 0 0
vt -0.999999999999998 1.60134388431472E-017
vt 0 0
vt -1 -1
vt -2.10726724224712E-015 -1
vt -2.16493489801903E-015 -0.999999999999988
vt -0.999999999999998 0
vt -5.76676557719304E-017 0
vt -0.999999999999998 0
vt -2.16493489801903E-015 -0.999999999999988
vt -1 -1
vt 0 -5.55111512312578E-017
vt -9.21929418483108E-015 -1
vt -1 -1
vt -0.999999999999991 -5.18509366385385E-017
vt 0 0
vt -8.03674461940448E-016 -1
vt -1 -1
vt -0.999999999999999 4.19878902564808E-017
vt 0 -5.55111512312578E-017
vt -9.21929418483097E-015 -1
vt -1 -1
vt -0.999999999999991 -5.18509366385384E-017
vt 0 0
vt -8.03674461940447E-016 -1
vt -1 -1
vt -0.999999999999999 4.19878902564808E-017
usemtl material_2
f 603/603/603 602/602/602 601/601/601
f 606/606/606 605/605/605 604/604/604
f 609/609/609 608/608/608 607/607/607
f 612/612/612 611/611/611 610/610/610
f 616/616/616 615/615/615 614/614/614 613/613/613
f 620/620/620 619/619/619 618/618/618 617/617/617
f 624/624/624 623/623/623 622/622/622 621/621/621
f 628/628/628 627/627/627 626/626/626 625/625/625
#block begin
o 22_
g 22_
v 1.22299999945695 0.0699999852523793 0.60099999962002
v 0.82148868792588 1.480513028656 0.60099999962002
v 0.82148868792588 0.0699999852523793 0.60099999962002
v 0.82148868792588 1.480513028656 0.60099999962002
v 1.22299999945695 0.0699999852523793 0.60099999962002
v 1.22299999945695 1.480513028656 0.60099999962002
v 1.22299999945695 1.480513028656 0.61700000037998
v 0.82148868792588 0.0699999852523793 0.61700000037998
v 0.82148868792588 1.480513028656 0.61700000037998
v 0.82148868792588 0.0699999852523793 0.61700000037998
v 1.22299999945695 1.480513028656 0.61700000037998
v 1.22299999945695 0.0699999852523793 0.61700000037998
v 0.82148868792588 0.0699999852523793 0.61700000037998
v 1.22299999945695 0.0699999852523793 0.61700000037998
v 1.22299999945695 0.0699999852523793 0.60099999962002
v 0.82148868792588 0.0699999852523793 0.60099999962002
v 1.22299999945695 0.0699999852523793 0.61700000037998
v 1.22299999945695 1.480513028656 0.61700000037998
v 1.22299999945695 1.480513028656 0.60099999962002
v 1.22299999945695 0.0699999852523793 0.60099999962002
v 1.22299999945695 1.480513028656 0.61700000037998
v 0.82148868792588 1.480513028656 0.61700000037998
v 0.82148868792588 1.480513028656 0.60099999962002
v 1.22299999945695 1.480513028656 0.60099999962002
v 0.82148868792588 1.480513028656 0.61700000037998
v 0.82148868792588 0.0699999852523793 0.61700000037998
v 0.82148868792588 0.0699999852523793 0.60099999962002
v 0.82148868792588 1.480513028656 0.60099999962002
vn 0 0 -1
vn 0 0 -1
vn 0 0 -1
vn 0 0 -1
vn 0 0 -1
vn 0 0 -1
vn 0 0 1
vn 0 0 1
vn 0 0 1
vn 0 0 1
vn 0 0 1
vn 0 0 1
vn -1.65906606961158E-015 -1 0
vn -1.65906606961158E-015 -1 0
vn -1.65906606961158E-015 -1 0
vn -1.65906606961158E-015 -1 0
vn 1 3.49739416877356E-015 0
vn 1 3.49739416877356E-015 0
vn 1 3.49739416877356E-015 0
vn 1 3.49739416877356E-015 0
vn 0 1 0
vn 0 1 0
vn 0 1 0
vn 0 1 0
vn -1 0 0
vn -1 0 0
vn -1 0 0
vn -1 0 0
vt -1 -0.999999999999999
vt 0 -6.66133814775094E-016
vt -1 -2.08044579087842E-017
vt 0 -6.66133814775094E-016
vt -1 -0.999999999999999
vt -5.22905005805935E-017 -1
vt 6.43421016811139E-031 -0.999999999999988
vt -1 0
vt 5.22905005805935E-017 -6.66133814775094E-016
vt -1 0
vt 6.43421016811139E-031 -0.999999999999988
vt -1 -0.999999999999999
vt 0 0
vt -4.60977697329441E-015 -1
vt -1 -1
vt -0.999999999999995 7.32022293169116E-018
vt 0 0
vt -1.61941898216115E-014 -1
vt -1 -1
vt -0.999999999999984 2.08374704024145E-018
vt 0 0
vt -4.60977697329436E-015 -1
vt -1 -1
vt -0.999999999999995 7.32022293169125E-018
vt 0 0
vt -1.61941898216115E-014 -1
vt -1 -1
vt -0.999999999999984 2.08374704024145E-018
usemtl material_2
f 631/631/631 630/630/630 629/629/629
f 634/634/634 633/633/633 632/632/632
f 637/637/637 636/636/636 635/635/635
f 640/640/640 639/639/639 638/638/638
f 644/644/644 643/643/643 642/642/642 641/641/641
f 648/648/648 647/647/647 646/646/646 645/645/645
f 652/652/652 651/651/651 650/650/650 649/649/649
f 656/656/656 655/655/655 654/654/654 653/653/653
#block begin
o 23_
g 23_
v 0.821488689475603 0.0699999852523793 0.60099999962002
v 0.419999997907228 1.480513028656 0.60099999962002
v 0.419999997907228 0.0699999852523793 0.60099999962002
v 0.419999997907228 1.480513028656 0.60099999962002
v 0.821488689475603 0.0699999852523793 0.60099999962002
v 0.821488689475603 1.480513028656 0.60099999962002
v 0.821488689475603 1.480513028656 0.61700000037998
v 0.419999997907228 0.0699999852523793 0.61700000037998
v 0.419999997907228 1.480513028656 0.61700000037998
v 0.419999997907228 0.0699999852523793 0.61700000037998
v 0.821488689475603 1.480513028656 0.61700000037998
v 0.821488689475603 0.0699999852523793 0.61700000037998
v 0.419999997907228 0.0699999852523793 0.61700000037998
v 0.821488689475603 0.0699999852523793 0.61700000037998
v 0.821488689475603 0.0699999852523793 0.60099999962002
v 0.419999997907228 0.0699999852523793 0.60099999962002
v 0.821488689475603 0.0699999852523793 0.61700000037998
v 0.821488689475603 1.480513028656 0.61700000037998
v 0.821488689475603 1.480513028656 0.60099999962002
v 0.821488689475603 0.0699999852523793 0.60099999962002
v 0.821488689475603 1.480513028656 0.61700000037998
v 0.419999997907228 1.480513028656 0.61700000037998
v 0.419999997907228 1.480513028656 0.60099999962002
v 0.821488689475603 1.480513028656 0.60099999962002
v 0.419999997907228 1.480513028656 0.61700000037998
v 0.419999997907228 0.0699999852523793 0.61700000037998
v 0.419999997907228 0.0699999852523793 0.60099999962002
v 0.419999997907228 1.480513028656 0.60099999962002
vn 0 0 -1
vn 0 0 -1
vn 0 0 -1
vn 0 0 -1
vn 0 0 -1
vn 0 0 -1
vn 0 0 1
vn 0 0 1
vn 0 0 1
vn 0 0 1
vn 0 0 1
vn 0 0 1
vn -1.65915956087313E-015 -1 0
vn -1.65915956087313E-015 -1 0
vn -1.65915956087313E-015 -1 0
vn -1.65915956087313E-015 -1 0
vn 1 3.59347629235417E-015 0
vn 1 3.59347629235417E-015 0
vn 1 3.59347629235417E-015 0
vn 1 3.59347629235417E-015 0
vn 0 1 0
vn 0 1 0
vn 0 1 0
vn 0 1 0
vn -1 0 0
vn -1 0 0
vn -1 0 0
vn -1 0 0
vt -1 -0.999999999999999
vt 0 -6.66133814775094E-016
vt -1 -2.07680914347297E-017
vt 0 -6.66133814775094E-016
vt -1 -0.999999999999999
vt -5.22875540015238E-017 -1
vt 6.57879932954837E-031 -0.999999999999987
vt -1 0
vt 5.22875540015238E-017 -6.66133814775094E-016
vt -1 0
vt 6.57879932954837E-031 -0.999999999999987
vt -1 -0.999999999999999
vt 0 0
vt -4.60951721153665E-015 -1
vt -1 -1
vt -0.999999999999995 7.32063545080948E-018
vt 0 0
vt -1.61941898216115E-014 -1
vt -1 -1
vt -0.999999999999984 2.08374704024145E-018
vt 0 0
vt -4.60951721153659E-015 -1
vt -1 -1
vt -0.999999999999995 7.32063545080957E-018
vt 0 0
vt -1.61941898216115E-014 -1
vt -1 -1
vt -0.999999999999984 2.08374704024145E-018
usemtl material_2
f 659/659/659 658/658/658 657/657/657
f 662/662/662 661/661/661 660/660/660
f 665/665/665 664/664/664 663/663/663
f 668/668/668 667/667/667 666/666/666
f 672/672/672 671/671/671 670/670/670 669/669/669
f 676/676/676 675/675/675 674/674/674 673/673/673
f 680/680/680 679/679/679 678/678/678 677/677/677
f 684/684/684 683/683/683 682/682/682 681/681/681
#block begin
o 24_bok
g 24_bok
v 1.20729854152362 0.767269520482599 0.119903703924051
v 1.2072985415236 0.783269521242559 0.601000001426569
v 1.2072985415236 0.767269520482599 0.601000001426569
v 1.2072985415236 0.783269521242559 0.601000001426569
v 1.20729854152362 0.767269520482599 0.119903703924051
v 1.20729854152362 0.783269521242559 0.119903703924051
v 0.436000013806025 0.783269521242559 0.119903703924051
v 0.43600001380601 0.767269520482599 0.601000001426569
v 0.43600001380601 0.783269521242559 0.601000001426569
v 0.43600001380601 0.767269520482599 0.601000001426569
v 0.436000013806025 0.783269521242559 0.119903703924051
v 0.436000013806025 0.767269520482599 0.119903703924051
v 0.43600001380601 0.767269520482599 0.601000001426569
v 0.436000013806025 0.767269520482599 0.119903703924051
v 1.20729854152362 0.767269520482599 0.119903703924051
v 1.2072985415236 0.767269520482599 0.601000001426569
v 0.436000013806025 0.767269520482599 0.119903703924051
v 0.436000013806025 0.783269521242559 0.119903703924051
v 1.20729854152362 0.783269521242559 0.119903703924051
v 1.20729854152362 0.767269520482599 0.119903703924051
v 0.436000013806025 0.783269521242559 0.119903703924051
v 0.43600001380601 0.783269521242559 0.601000001426569
v 1.2072985415236 0.783269521242559 0.601000001426569
v 1.20729854152362 0.783269521242559 0.119903703924051
v 0.43600001380601 0.783269521242559 0.601000001426569
v 0.43600001380601 0.767269520482599 0.601000001426569
v 1.2072985415236 0.767269520482599 0.601000001426569
v 1.2072985415236 0.783269521242559 0.601000001426569
vn 1 0 3.17418888333816E-014
vn 1 0 3.17418888333816E-014
vn 1 0 3.17418888333816E-014
vn 1 0 3.17418888333816E-014
vn 1 0 3.17418888333816E-014
vn 1 0 3.17418888333816E-014
vn -1 0 -3.17418888333816E-014
vn -1 0 -3.17418888333816E-014
vn -1 0 -3.17418888333816E-014
vn -1 0 -3.17418888333816E-014
vn -1 0 -3.17418888333816E-014
vn -1 0 -3.17418888333816E-014
vn 0 -1 0
vn 0 -1 0
vn 0 -1 0
vn 0 -1 0
vn 0 0 -1
vn 0 0 -1
vn 0 0 -1
vn 0 0 -1
vn 0 1 0
vn 0 1 0
vn 0 1 0
vn 0 1 0
vn 0 0 1
vn 0 0 1
vn 0 0 1
vn 0 0 1
vt -0.999999999999994 6.10928072122376E-018
vt -5.52349722491262E-015 -1
vt -1 -1
vt -5.52349722491262E-015 -1
vt -0.999999999999994 6.10928072122376E-018
vt 0 0
vt 8.34044042493497E-017 0
vt -1 -1
vt -5.44009282066327E-015 -1
vt -1 -1
vt 8.34044042493497E-017 0
vt -0.999999999999994 0
vt -1.66533453693774E-016 -1
vt -5.19527184023086E-017 -4.44089209850063E-016
vt -1 -1.11022302462516E-016
vt -1 -1
vt 0 -1
vt 3.81065450940446E-018 -8.88178419700125E-015
vt -1 0
vt -1 -0.999999999999991
vt -1.66533453693774E-016 -1
vt -5.19527184023086E-017 -4.44089209850063E-016
vt -1 -1.11022302462516E-016
vt -1 -1
vt 0 -1
vt 3.81065450940446E-018 -8.88178419700125E-015
vt -1 0
vt -1 -0.999999999999991
usemtl material_2
f 685/685/685 686/686/686 687/687/687
f 688/688/688 689/689/689 690/690/690
f 691/691/691 692/692/692 693/693/693
f 694/694/694 695/695/695 696/696/696
f 697/697/697 698/698/698 699/699/699 700/700/700
f 701/701/701 702/702/702 703/703/703 704/704/704
f 705/705/705 706/706/706 707/707/707 708/708/708
f 709/709/709 710/710/710 711/711/711 712/712/712
#block begin
o 25_bok
g 25_bok
v 1.20729854152362 1.11590428091389 0.119903703924051
v 1.2072985415236 1.13190428167385 0.601000001426569
v 1.2072985415236 1.11590428091389 0.601000001426569
v 1.2072985415236 1.13190428167385 0.601000001426569
v 1.20729854152362 1.11590428091389 0.119903703924051
v 1.20729854152362 1.13190428167385 0.119903703924051
v 0.436000013806025 1.13190428167385 0.119903703924051
v 0.43600001380601 1.11590428091389 0.601000001426569
v 0.43600001380601 1.13190428167385 0.601000001426569
v 0.43600001380601 1.11590428091389 0.601000001426569
v 0.436000013806025 1.13190428167385 0.119903703924051
v 0.436000013806025 1.11590428091389 0.119903703924051
v 0.43600001380601 1.11590428091389 0.601000001426569
v 0.436000013806025 1.11590428091389 0.119903703924051
v 1.20729854152362 1.11590428091389 0.119903703924051
v 1.2072985415236 1.11590428091389 0.601000001426569
v 0.436000013806025 1.11590428091389 0.119903703924051
v 0.436000013806025 1.13190428167385 0.119903703924051
v 1.20729854152362 1.13190428167385 0.119903703924051
v 1.20729854152362 1.11590428091389 0.119903703924051
v 0.436000013806025 1.13190428167385 0.119903703924051
v 0.43600001380601 1.13190428167385 0.601000001426569
v 1.2072985415236 1.13190428167385 0.601000001426569
v 1.20729854152362 1.13190428167385 0.119903703924051
v 0.43600001380601 1.13190428167385 0.601000001426569
v 0.43600001380601 1.11590428091389 0.601000001426569
v 1.2072985415236 1.11590428091389 0.601000001426569
v 1.2072985415236 1.13190428167385 0.601000001426569
vn 1 0 3.17418888333816E-014
vn 1 0 3.17418888333816E-014
vn 1 0 3.17418888333816E-014
vn 1 0 3.17418888333816E-014
vn 1 0 3.17418888333816E-014
vn 1 0 3.17418888333816E-014
vn -1 0 -3.17418888333816E-014
vn -1 0 -3.17418888333816E-014
vn -1 0 -3.17418888333816E-014
vn -1 0 -3.17418888333816E-014
vn -1 0 -3.17418888333816E-014
vn -1 0 -3.17418888333816E-014
vn 0 -1 0
vn 0 -1 0
vn 0 -1 0
vn 0 -1 0
vn 0 0 -1
vn 0 0 -1
vn 0 0 -1
vn 0 0 -1
vn 0 1 0
vn 0 1 0
vn 0 1 0
vn 0 1 0
vn 0 0 1
vn 0 0 1
vn 0 0 1
vn 0 0 1
vt -0.999999999999994 6.10928072122376E-018
vt -5.52349722491262E-015 -1
vt -1 -1
vt -5.52349722491262E-015 -1
vt -0.999999999999994 6.10928072122376E-018
vt 0 0
vt 8.34044042493497E-017 0
vt -1 -1
vt -5.44009282066327E-015 -1
vt -1 -1
vt 8.34044042493497E-017 0
vt -0.999999999999994 0
vt -1.66533453693774E-016 -1
vt -5.19527184023086E-017 -4.44089209850063E-016
vt -1 -1.11022302462516E-016
vt -1 -1
vt 0 -1
vt 3.81065450940446E-018 -8.88178419700125E-015
vt -1 0
vt -1 -0.999999999999991
vt -1.66533453693774E-016 -1
vt -5.19527184023086E-017 -4.44089209850063E-016
vt -1 -1.11022302462516E-016
vt -1 -1
vt 0 -1
vt 3.81065450940446E-018 -8.88178419700125E-015
vt -1 0
vt -1 -0.999999999999991
usemtl material_2
f 713/713/713 714/714/714 715/715/715
f 716/716/716 717/717/717 718/718/718
f 719/719/719 720/720/720 721/721/721
f 722/722/722 723/723/723 724/724/724
f 725/725/725 726/726/726 727/727/727 728/728/728
f 729/729/729 730/730/730 731/731/731 732/732/732
f 733/733/733 734/734/734 735/735/735 736/736/736
f 737/737/737 738/738/738 739/739/739 740/740/740
#block begin
o 26_bok
g 26_bok
v 1.22300000007392 1.86309807581608E-008 0.103170228874798
v 1.22300000007392 1.4805129952774 0.600952489054318
v 1.22300000007392 1.86309807581608E-008 0.600952489054318
v 1.22300000007392 1.4805129952774 0.600952489054318
v 1.22300000007392 1.86309807581608E-008 0.103170228874798
v 1.22300000007392 1.4805129952774 0.103170228874798
v 1.20729855525435 1.4805129952774 0.103170228874798
v 1.20729855525435 1.86309807581608E-008 0.600952489054318
v 1.20729855525435 1.4805129952774 0.600952489054318
v 1.20729855525435 1.86309807581608E-008 0.600952489054318
v 1.20729855525435 1.4805129952774 0.103170228874798
v 1.20729855525435 1.86309807581608E-008 0.103170228874798
v 1.20729855525435 1.86309807581608E-008 0.600952489054318
v 1.20729855525435 1.86309807581608E-008 0.103170228874798
v 1.22300000007392 1.86309807581608E-008 0.103170228874798
v 1.22300000007392 1.86309807581608E-008 0.600952489054318
v 1.20729855525435 1.86309807581608E-008 0.103170228874798
v 1.20729855525435 1.4805129952774 0.103170228874798
v 1.22300000007392 1.4805129952774 0.103170228874798
v 1.22300000007392 1.86309807581608E-008 0.103170228874798
v 1.20729855525435 1.4805129952774 0.103170228874798
v 1.20729855525435 1.4805129952774 0.600952489054318
v 1.22300000007392 1.4805129952774 0.600952489054318
v 1.22300000007392 1.4805129952774 0.103170228874798
v 1.20729855525435 1.4805129952774 0.600952489054318
v 1.20729855525435 1.86309807581608E-008 0.600952489054318
v 1.22300000007392 1.86309807581608E-008 0.600952489054318
v 1.22300000007392 1.4805129952774 0.600952489054318
vn 1 0 0
vn 1 0 0
vn 1 0 0
vn 1 0 0
vn 1 0 0
vn 1 0 0
vn -1 0 0
vn -1 0 0
vn -1 0 0
vn -1 0 0
vn -1 0 0
vn -1 0 0
vn 0 -1 0
vn 0 -1 0
vn 0 -1 0
vn 0 -1 0
vn 0 0 -1
vn 0 0 -1
vn 0 0 -1
vn 0 0 -1
vn 0 1 0
vn 0 1 0
vn 0 1 0
vn 0 1 0
vn 0 0 1
vn 0 0 1
vn 0 0 1
vn 0 0 1
vt -1 4.67546291817485E-017
vt -6.17631315010847E-017 -1
vt -1 -1
vt -6.17631315010847E-017 -1
vt -1 4.67546291817485E-017
vt 0 -4.9960036108132E-016
vt 6.17631315010847E-017 -4.44089209850063E-016
vt -1 -0.999999999999999
vt 0 -1
vt -1 -0.999999999999999
vt 6.17631315010847E-017 -4.44089209850063E-016
vt -1 0
vt -5.71764857681956E-015 -1
vt 1.06090695514004E-016 0
vt -0.999999999999994 0
vt -1 -1
vt -1.72084568816899E-014 -1
vt 1.12613518067971E-016 0
vt -0.999999999999983 0
vt -1 -1
vt -5.71764857681956E-015 -1
vt 1.06090695514004E-016 0
vt -0.999999999999994 0
vt -1 -1
vt -1.72084568816899E-014 -1
vt 1.12613518067971E-016 0
vt -0.999999999999983 0
vt -1 -1
usemtl material_2
f 741/741/741 742/742/742 743/743/743
f 744/744/744 745/745/745 746/746/746
f 747/747/747 748/748/748 749/749/749
f 750/750/750 751/751/751 752/752/752
f 753/753/753 754/754/754 755/755/755 756/756/756
f 757/757/757 758/758/758 759/759/759 760/760/760
f 761/761/761 762/762/762 763/763/763 764/764/764
f 765/765/765 766/766/766 767/767/767 768/768/768
#block begin
o 27_plecy
g 27_plecy
v 0.436000013805347 1.73309958606538E-008 0.103999999809791
v 1.20729854152294 1.46452357117926 0.103999999809793
v 1.20729854152294 1.73309958606538E-008 0.103999999809793
v 1.20729854152294 1.46452357117926 0.103999999809793
v 0.436000013805347 1.73309958606538E-008 0.103999999809791
v 0.436000013805347 1.46452357117926 0.103999999809791
v 0.436000013805347 1.46452357117926 0.119903705540825
v 1.20729854152294 1.73309958606538E-008 0.119903705540828
v 1.20729854152294 1.46452357117926 0.119903705540828
v 1.20729854152294 1.73309958606538E-008 0.119903705540828
v 0.436000013805347 1.46452357117926 0.119903705540825
v 0.436000013805347 1.73309958606538E-008 0.119903705540825
v 1.20729854152294 1.73309958606538E-008 0.119903705540828
v 0.436000013805347 1.73309958606538E-008 0.119903705540825
v 0.436000013805347 1.73309958606538E-008 0.103999999809791
v 1.20729854152294 1.73309958606538E-008 0.103999999809793
v 0.436000013805347 1.73309958606538E-008 0.119903705540825
v 0.436000013805347 1.46452357117926 0.119903705540825
v 0.436000013805347 1.46452357117926 0.103999999809791
v 0.436000013805347 1.73309958606538E-008 0.103999999809791
v 0.436000013805347 1.46452357117926 0.119903705540825
v 1.20729854152294 1.46452357117926 0.119903705540828
v 1.20729854152294 1.46452357117926 0.103999999809793
v 0.436000013805347 1.46452357117926 0.103999999809791
v 1.20729854152294 1.46452357117926 0.119903705540828
v 1.20729854152294 1.73309958606538E-008 0.119903705540828
v 1.20729854152294 1.73309958606538E-008 0.103999999809793
v 1.20729854152294 1.46452357117926 0.103999999809793
vn 3.39622372163028E-015 0 -1
vn 3.39622372163028E-015 0 -1
vn 3.39622372163028E-015 0 -1
vn 3.39622372163028E-015 0 -1
vn 3.39622372163028E-015 0 -1
vn 3.39622372163028E-015 0 -1
vn -3.39622372163028E-015 0 1
vn -3.39622372163028E-015 0 1
vn -3.39622372163028E-015 0 1
vn -3.39622372163028E-015 0 1
vn -3.39622372163028E-015 0 1
vn -3.39622372163028E-015 0 1
vn 0 -1 0
vn 0 -1 0
vn 0 -1 0
vn 0 -1 0
vn -1 0 0
vn -1 0 0
vn -1 0 0
vn -1 0 0
vn 0 1 0
vn 0 1 0
vn 0 1 0
vn 0 1 0
vn 1 0 0
vn 1 0 0
vn 1 0 0
vn 1 0 0
vt -1 7.12438323859585E-017
vt -9.67449395537476E-017 -1
vt -1 -1
vt -9.67449395537476E-017 -1
vt -1 7.12438323859585E-017
vt 0 -2.77555756156289E-016
vt -1.42773629087681E-017 -2.22044604925031E-016
vt -1 -1
vt -1.11022302462516E-016 -1
vt -1 -1
vt -1.42773629087681E-017 -2.22044604925031E-016
vt -1 2.22044604925031E-016
vt -8.93729534823251E-015 -1
vt -2.83497332423743E-017 0
vt -0.999999999999991 0
vt -1 -1
vt -1.69864122767649E-014 -1
vt -7.03155049320341E-017 0
vt -0.999999999999983 0
vt -1 -1
vt -8.93729534823251E-015 -1
vt -2.83497332423743E-017 0
vt -0.999999999999991 0
vt -1 -1
vt -1.69864122767649E-014 -1
vt -7.03155049320341E-017 0
vt -0.999999999999983 0
vt -1 -1
usemtl material_2
f 769/769/769 770/770/770 771/771/771
f 772/772/772 773/773/773 774/774/774
f 775/775/775 776/776/776 777/777/777
f 778/778/778 779/779/779 780/780/780
f 781/781/781 782/782/782 783/783/783 784/784/784
f 785/785/785 786/786/786 787/787/787 788/788/788
f 789/789/789 790/790/790 791/791/791 792/792/792
f 793/793/793 794/794/794 795/795/795 796/796/796
#block begin
o 28_bok
g 28_bok
v 0.436000000379988 1.86309783156702E-008 0.103181396560781
v 0.436000000379988 1.4805129952774 0.600966666774861
v 0.436000000379988 1.86309783156702E-008 0.600966666774861
v 0.436000000379988 1.4805129952774 0.600966666774861
v 0.436000000379988 1.86309783156702E-008 0.103181396560781
v 0.436000000379988 1.4805129952774 0.103181396560781
v 0.419999999620029 1.4805129952774 0.103181396560781
v 0.419999999620029 1.86309783156702E-008 0.600966666774861
v 0.419999999620029 1.4805129952774 0.600966666774861
v 0.419999999620029 1.86309783156702E-008 0.600966666774861
v 0.419999999620029 1.4805129952774 0.103181396560781
v 0.419999999620029 1.86309783156702E-008 0.103181396560781
v 0.419999999620029 1.86309783156702E-008 0.600966666774861
v 0.419999999620029 1.86309783156702E-008 0.103181396560781
v 0.436000000379988 1.86309783156702E-008 0.103181396560781
v 0.436000000379988 1.86309783156702E-008 0.600966666774861
v 0.419999999620029 1.86309783156702E-008 0.103181396560781
v 0.419999999620029 1.4805129952774 0.103181396560781
v 0.436000000379988 1.4805129952774 0.103181396560781
v 0.436000000379988 1.86309783156702E-008 0.103181396560781
v 0.419999999620029 1.4805129952774 0.103181396560781
v 0.419999999620029 1.4805129952774 0.600966666774861
v 0.436000000379988 1.4805129952774 0.600966666774861
v 0.436000000379988 1.4805129952774 0.103181396560781
v 0.419999999620029 1.4805129952774 0.600966666774861
v 0.419999999620029 1.86309783156702E-008 0.600966666774861
v 0.436000000379988 1.86309783156702E-008 0.600966666774861
v 0.436000000379988 1.4805129952774 0.600966666774861
vn 1 0 0
vn 1 0 0
vn 1 0 0
vn 1 0 0
vn 1 0 0
vn 1 0 0
vn -1 0 0
vn -1 0 0
vn -1 0 0
vn -1 0 0
vn -1 0 0
vn -1 0 0
vn 0 -1 0
vn 0 -1 0
vn 0 -1 0
vn 0 -1 0
vn 0 0 -1
vn 0 0 -1
vn 0 0 -1
vn 0 0 -1
vn 0 1 0
vn 0 1 0
vn 0 1 0
vn 0 1 0
vn 0 0 1
vn 0 0 1
vn 0 0 1
vn 0 0 1
vt -1 -8.7598122349175E-018
vt -1.17274654676191E-016 -1
vt -1 -0.999999999999999
vt -1.17274654676191E-016 -1
vt -1 -8.7598122349175E-018
vt -5.55111512312578E-017 -5.55111512312578E-016
vt 6.25235221367548E-018 -5.55111512312578E-016
vt -1 -0.999999999999999
vt -5.55111512312578E-017 -1
vt -1 -0.999999999999999
vt 6.25235221367548E-018 -5.55111512312578E-016
vt -1 0
vt -5.60662627435704E-015 -1
vt 1.08478140318138E-016 0
vt -0.999999999999994 0
vt -1 -1
vt -1.69309011255336E-014 -1
vt 6.69631580190922E-017 -1.11022302462516E-016
vt -0.999999999999983 -1.11022302462516E-016
vt -1 -1
vt -5.60662627435704E-015 -1
vt 1.08478140318138E-016 0
vt -0.999999999999994 0
vt -1 -1
vt -1.69309011255336E-014 -1
vt 6.69631580190922E-017 -1.11022302462516E-016
vt -0.999999999999983 -1.11022302462516E-016
vt -1 -1
usemtl material_2
f 797/797/797 798/798/798 799/799/799
f 800/800/800 801/801/801 802/802/802
f 803/803/803 804/804/804 805/805/805
f 806/806/806 807/807/807 808/808/808
f 809/809/809 810/810/810 811/811/811 812/812/812
f 813/813/813 814/814/814 815/815/815 816/816/816
f 817/817/817 818/818/818 819/819/819 820/820/820
f 821/821/821 822/822/822 823/823/823 824/824/824
#block begin
o 29_wieniec
g 29_wieniec
v 0.435999987837106 0.0539999996200216 0.584966673950378
v 1.20715212654713 0.0539999996200216 0.119903698066894
v 1.20715212654713 0.0539999996200216 0.584966673950378
v 1.20715212654713 0.0539999996200216 0.119903698066894
v 0.435999987837106 0.0539999996200216 0.584966673950378
v 0.435999987837106 0.0539999996200216 0.119903698066894
v 0.435999987837106 0.0700000003799808 0.119903698066894
v 1.20715212654713 0.0700000003799808 0.584966673950378
v 1.20715212654713 0.0700000003799808 0.119903698066894
v 1.20715212654713 0.0700000003799808 0.584966673950378
v 0.435999987837106 0.0700000003799808 0.119903698066894
v 0.435999987837106 0.0700000003799808 0.584966673950378
v 1.20715212654713 0.0700000003799808 0.584966673950378
v 0.435999987837106 0.0700000003799808 0.584966673950378
v 0.435999987837106 0.0539999996200216 0.584966673950378
v 1.20715212654713 0.0539999996200216 0.584966673950378
v 0.435999987837106 0.0700000003799808 0.584966673950378
v 0.435999987837106 0.0700000003799808 0.119903698066894
v 0.435999987837106 0.0539999996200216 0.119903698066894
v 0.435999987837106 0.0539999996200216 0.584966673950378
v 0.435999987837106 0.0700000003799808 0.119903698066894
v 1.20715212654713 0.0700000003799808 0.119903698066894
v 1.20715212654713 0.0539999996200216 0.119903698066894
v 0.435999987837106 0.0539999996200216 0.119903698066894
v 1.20715212654713 0.0700000003799808 0.119903698066894
v 1.20715212654713 0.0700000003799808 0.584966673950378
v 1.20715212654713 0.0539999996200216 0.584966673950378
v 1.20715212654713 0.0539999996200216 0.119903698066894
vn 0 -1 0
vn 0 -1 0
vn 0 -1 0
vn 0 -1 0
vn 0 -1 0
vn 0 -1 0
vn 0 1 0
vn 0 1 0
vn 0 1 0
vn 0 1 0
vn 0 1 0
vn 0 1 0
vn 0 0 1
vn 0 0 1
vn 0 0 1
vn 0 0 1
vn -1 0 0
vn -1 0 0
vn -1 0 0
vn -1 0 0
vn 0 0 -1
vn 0 0 -1
vn 0 0 -1
vn 0 0 -1
vn 1 0 0
vn 1 0 0
vn 1 0 0
vn 1 0 0
vt 0 -1
vt -1 0
vt 0 0
vt -1 0
vt 0 -1
vt -1 -1
vt -1 -1
vt 0 -3.69277251760147E-017
vt -1 0
vt 0 -3.69277251760147E-017
vt -1 -1
vt -1.11022302462516E-016 -1
vt -0.999999999999997 -5.55111512312578E-017
vt -1 -1
vt -2.88657986402541E-015 -1
vt 1.11022302462516E-016 -5.67816106140998E-017
vt -0.999999999999998 0
vt -1 -1
vt -1.66533453693774E-015 -1
vt 1.11022302462516E-016 -2.10663398466627E-018
vt -0.999999999999997 -5.55111512312578E-017
vt -1 -1
vt -2.88657986402541E-015 -1
vt 1.11022302462516E-016 -5.67816106140998E-017
vt -0.999999999999998 0
vt -1 -1
vt -1.66533453693774E-015 -1
vt 1.11022302462516E-016 -2.10663398466627E-018
usemtl material_2
f 825/825/825 826/826/826 827/827/827
f 828/828/828 829/829/829 830/830/830
f 831/831/831 832/832/832 833/833/833
f 834/834/834 835/835/835 836/836/836
f 837/837/837 838/838/838 839/839/839 840/840/840
f 841/841/841 842/842/842 843/843/843 844/844/844
f 845/845/845 846/846/846 847/847/847 848/848/848
f 849/849/849 850/850/850 851/851/851 852/852/852
#block begin
o 30_wieniec
g 30_wieniec
v 0.436000013805347 -1.49010408179162E-010 0.600999999730773
v 1.20729854152294 -1.49010408179162E-010 0.584966666935868
v 1.20729854152294 -1.49010408179162E-010 0.600999999730773
v 1.20729854152294 -1.49010408179162E-010 0.584966666935868
v 0.436000013805347 -1.49010408179162E-010 0.600999999730773
v 0.436000013805347 -1.49010408179162E-010 0.584966666935868
v 0.436000013805347 0.0700000001490128 0.584966666935868
v 1.20729854152294 0.0700000001490128 0.600999999730773
v 1.20729854152294 0.0700000001490128 0.584966666935868
v 1.20729854152294 0.0700000001490128 0.600999999730773
v 0.436000013805347 0.0700000001490128 0.584966666935868
v 0.436000013805347 0.0700000001490128 0.600999999730773
v 1.20729854152294 0.0700000001490128 0.600999999730773
v 0.436000013805347 0.0700000001490128 0.600999999730773
v 0.436000013805347 -1.49010408179162E-010 0.600999999730773
v 1.20729854152294 -1.49010408179162E-010 0.600999999730773
v 0.436000013805347 0.0700000001490128 0.600999999730773
v 0.436000013805347 0.0700000001490128 0.584966666935868
v 0.436000013805347 -1.49010408179162E-010 0.584966666935868
v 0.436000013805347 -1.49010408179162E-010 0.600999999730773
v 0.436000013805347 0.0700000001490128 0.584966666935868
v 1.20729854152294 0.0700000001490128 0.584966666935868
v 1.20729854152294 -1.49010408179162E-010 0.584966666935868
v 0.436000013805347 -1.49010408179162E-010 0.584966666935868
v 1.20729854152294 0.0700000001490128 0.584966666935868
v 1.20729854152294 0.0700000001490128 0.600999999730773
v 1.20729854152294 -1.49010408179162E-010 0.600999999730773
v 1.20729854152294 -1.49010408179162E-010 0.584966666935868
vn 0 -1 0
vn 0 -1 0
vn 0 -1 0
vn 0 -1 0
vn 0 -1 0
vn 0 -1 0
vn 0 1 0
vn 0 1 0
vn 0 1 0
vn 0 1 0
vn 0 1 0
vn 0 1 0
vn 0 0 1
vn 0 0 1
vn 0 0 1
vn 0 0 1
vn -1 0 0
vn -1 0 0
vn -1 0 0
vn -1 0 0
vn 0 0 -1
vn 0 0 -1
vn 0 0 -1
vn 0 0 -1
vn 1 0 0
vn 1 0 0
vn 1 0 0
vn 1 0 0
vt -2.99760216648792E-015 -1
vt -0.999999999999997 0
vt 0 0
vt -0.999999999999997 0
vt -2.99760216648792E-015 -1
vt -1 -1
vt -1 -1
vt 0 -1.27286445765447E-018
vt -0.999999999999997 0
vt 0 -1.27286445765447E-018
vt -1 -1
vt -2.99760216648792E-015 -1
vt -0.999999999999999 0
vt -1 -1
vt -6.66133814775094E-016 -1
vt 0 -5.55720449287171E-018
vt -1 0
vt -1 -1
vt 0 -1
vt 0 -2.67334540354103E-016
vt -0.999999999999999 0
vt -1 -1
vt -6.66133814775094E-016 -1
vt 0 -5.55720449287171E-018
vt -1 0
vt -1 -1
vt 0 -1
vt 0 -2.67334540354103E-016
usemtl material_2
f 853/853/853 854/854/854 855/855/855
f 856/856/856 857/857/857 858/858/858
f 859/859/859 860/860/860 861/861/861
f 862/862/862 863/863/863 864/864/864
f 865/865/865 866/866/866 867/867/867 868/868/868
f 869/869/869 870/870/870 871/871/871 872/872/872
f 873/873/873 874/874/874 875/875/875 876/876/876
f 877/877/877 878/878/878 879/879/879 880/880/880
#block begin
o 31_listwa
g 31_listwa
v 0.435985182160161 1.46453904173845 0.600886553782059
v 1.20728877627256 1.46453904173845 0.103170216339665
v 1.20728877627256 1.46453904173845 0.600886553782063
v 1.20728877627256 1.46453904173845 0.103170216339665
v 0.435985182160161 1.46453904173845 0.600886553782059
v 0.435985182160161 1.46453904173845 0.103170216339661
v 0.435985182160161 1.48051301389509 0.103170216339661
v 1.20728877627256 1.48051301389509 0.600886553782063
v 1.20728877627256 1.48051301389509 0.103170216339665
v 1.20728877627256 1.48051301389509 0.600886553782063
v 0.435985182160161 1.48051301389509 0.103170216339661
v 0.435985182160161 1.48051301389509 0.600886553782059
v 1.20728877627256 1.48051301389509 0.600886553782063
v 0.435985182160161 1.48051301389509 0.600886553782059
v 0.435985182160161 1.46453904173845 0.600886553782059
v 1.20728877627256 1.46453904173845 0.600886553782063
v 0.435985182160161 1.48051301389509 0.600886553782059
v 0.435985182160161 1.48051301389509 0.103170216339661
v 0.435985182160161 1.46453904173845 0.103170216339661
v 0.435985182160161 1.46453904173845 0.600886553782059
v 0.435985182160161 1.48051301389509 0.103170216339661
v 1.20728877627256 1.48051301389509 0.103170216339665
v 1.20728877627256 1.46453904173845 0.103170216339665
v 0.435985182160161 1.46453904173845 0.103170216339661
v 1.20728877627256 1.48051301389509 0.103170216339665
v 1.20728877627256 1.48051301389509 0.600886553782063
v 1.20728877627256 1.46453904173845 0.600886553782063
v 1.20728877627256 1.46453904173845 0.103170216339665
vn 0 -1 0
vn 0 -1 0
vn 0 -1 0
vn 0 -1 0
vn 0 -1 0
vn 0 -1 0
vn 0 1 0
vn 0 1 0
vn 0 1 0
vn 0 1 0
vn 0 1 0
vn 0 1 0
vn -4.81649459412833E-015 0 1
vn -4.81649459412833E-015 0 1
vn -4.81649459412833E-015 0 1
vn -4.81649459412833E-015 0 1
vn -1 0 0
vn -1 0 0
vn -1 0 0
vn -1 0 0
vn 4.81649459412833E-015 0 -1
vn 4.81649459412833E-015 0 -1
vn 4.81649459412833E-015 0 -1
vn 4.81649459412833E-015 0 -1
vn 1 0 0
vn 1 0 0
vn 1 0 0
vn 1 0 0
vt -1.11022302462516E-016 -1
vt -1 0
vt 0 0
vt -1 0
vt -1.11022302462516E-016 -1
vt -1 -1
vt -1 -1
vt 0 -3.9512761349735E-017
vt -1 0
vt 0 -3.9512761349735E-017
vt -1 -1
vt -1.11022302462516E-016 -1
vt -0.999999999999997 0
vt -1 -1
vt -2.88657986402541E-015 -1
vt 1.11022302462516E-016 -1.26814355812762E-018
vt -0.999999999999998 -5.55111512312578E-017
vt -1 -1
vt -1.77635683940025E-015 -1
vt 1.11022302462516E-016 -5.74763744860617E-017
vt -0.999999999999997 0
vt -1 -1
vt -2.88657986402541E-015 -1
vt 1.11022302462516E-016 -1.26814355812762E-018
vt -0.999999999999998 -5.55111512312578E-017
vt -1 -1
vt -1.77635683940025E-015 -1
vt 1.11022302462516E-016 -5.74763744860617E-017
usemtl material_2
f 881/881/881 882/882/882 883/883/883
f 884/884/884 885/885/885 886/886/886
f 887/887/887 888/888/888 889/889/889
f 890/890/890 891/891/891 892/892/892
f 893/893/893 894/894/894 895/895/895 896/896/896
f 897/897/897 898/898/898 899/899/899 900/900/900
f 901/901/901 902/902/902 903/903/903 904/904/904
f 905/905/905 906/906/906 907/907/907 908/908/908
#block begin
o 32_bok
g 32_bok
v 1.20729854152295 0.0699999996200216 0.119903703924051
v 1.20729854152293 0.0860000003799808 0.601000001426569
v 1.20729854152293 0.0699999996200216 0.601000001426569
v 1.20729854152293 0.0860000003799808 0.601000001426569
v 1.20729854152295 0.0699999996200216 0.119903703924051
v 1.20729854152295 0.0860000003799808 0.119903703924051
v 0.436000013805355 0.0860000003799808 0.119903703924051
v 0.43600001380534 0.0699999996200216 0.601000001426569
v 0.43600001380534 0.0860000003799808 0.601000001426569
v 0.43600001380534 0.0699999996200216 0.601000001426569
v 0.436000013805355 0.0860000003799808 0.119903703924051
v 0.436000013805355 0.0699999996200216 0.119903703924051
v 0.43600001380534 0.0699999996200216 0.601000001426569
v 0.436000013805355 0.0699999996200216 0.119903703924051
v 1.20729854152295 0.0699999996200216 0.119903703924051
v 1.20729854152293 0.0699999996200216 0.601000001426569
v 0.436000013805355 0.0699999996200216 0.119903703924051
v 0.436000013805355 0.0860000003799808 0.119903703924051
v 1.20729854152295 0.0860000003799808 0.119903703924051
v 1.20729854152295 0.0699999996200216 0.119903703924051
v 0.436000013805355 0.0860000003799808 0.119903703924051
v 0.43600001380534 0.0860000003799808 0.601000001426569
v 1.20729854152293 0.0860000003799808 0.601000001426569
v 1.20729854152295 0.0860000003799808 0.119903703924051
v 0.43600001380534 0.0860000003799808 0.601000001426569
v 0.43600001380534 0.0699999996200216 0.601000001426569
v 1.20729854152293 0.0699999996200216 0.601000001426569
v 1.20729854152293 0.0860000003799808 0.601000001426569
vn 1 0 3.17418888334366E-014
vn 1 0 3.17418888334366E-014
vn 1 0 3.17418888334366E-014
vn 1 0 3.17418888334366E-014
vn 1 0 3.17418888334366E-014
vn 1 0 3.17418888334366E-014
vn -1 0 -3.17418888334366E-014
vn -1 0 -3.17418888334366E-014
vn -1 0 -3.17418888334366E-014
vn -1 0 -3.17418888334366E-014
vn -1 0 -3.17418888334366E-014
vn -1 0 -3.17418888334366E-014
vn 0 -1 0
vn 0 -1 0
vn 0 -1 0
vn 0 -1 0
vn 0 0 -1
vn 0 0 -1
vn 0 0 -1
vn 0 0 -1
vn 0 1 0
vn 0 1 0
vn 0 1 0
vn 0 1 0
vn 0 0 1
vn 0 0 1
vn 0 0 1
vn 0 0 1
vt -0.999999999999994 6.10928072122376E-018
vt -5.52349722491262E-015 -1
vt -1 -1
vt -5.52349722491262E-015 -1
vt -0.999999999999994 6.10928072122376E-018
vt 0 0
vt 8.34044042493497E-017 0
vt -1 -1
vt -5.44009282066327E-015 -1
vt -1 -1
vt 8.34044042493497E-017 0
vt -0.999999999999994 0
vt -1.66533453693774E-016 -1
vt -5.19527184025074E-017 -4.44089209850063E-016
vt -1 -1.11022302462516E-016
vt -1 -1
vt 0 -1
vt 3.81065450939785E-018 -8.88178419700125E-015
vt -1 0
vt -1 -0.999999999999991
vt -1.66533453693774E-016 -1
vt -5.19527184025074E-017 -4.44089209850063E-016
vt -1 -1.11022302462516E-016
vt -1 -1
vt 0 -1
vt 3.81065450939785E-018 -8.88178419700125E-015
vt -1 0
vt -1 -0.999999999999991
usemtl material_2
f 909/909/909 910/910/910 911/911/911
f 912/912/912 913/913/913 914/914/914
f 915/915/915 916/916/916 917/917/917
f 918/918/918 919/919/919 920/920/920
f 921/921/921 922/922/922 923/923/923 924/924/924
f 925/925/925 926/926/926 927/927/927 928/928/928
f 929/929/929 930/930/930 931/931/931 932/932/932
f 933/933/933 934/934/934 935/935/935 936/936/936
#block begin
o 33_bok
g 33_bok
v 1.20729854152295 0.418634760051311 0.119903703924051
v 1.20729854152293 0.43463476081127 0.601000001426569
v 1.20729854152293 0.418634760051311 0.601000001426569
v 1.20729854152293 0.43463476081127 0.601000001426569
v 1.20729854152295 0.418634760051311 0.119903703924051
v 1.20729854152295 0.43463476081127 0.119903703924051
v 0.436000013805355 0.43463476081127 0.119903703924051
v 0.43600001380534 0.418634760051311 0.601000001426569
v 0.43600001380534 0.43463476081127 0.601000001426569
v 0.43600001380534 0.418634760051311 0.601000001426569
v 0.436000013805355 0.43463476081127 0.119903703924051
v 0.436000013805355 0.418634760051311 0.119903703924051
v 0.43600001380534 0.418634760051311 0.601000001426569
v 0.436000013805355 0.418634760051311 0.119903703924051
v 1.20729854152295 0.418634760051311 0.119903703924051
v 1.20729854152293 0.418634760051311 0.601000001426569
v 0.436000013805355 0.418634760051311 0.119903703924051
v 0.436000013805355 0.43463476081127 0.119903703924051
v 1.20729854152295 0.43463476081127 0.119903703924051
v 1.20729854152295 0.418634760051311 0.119903703924051
v 0.436000013805355 0.43463476081127 0.119903703924051
v 0.43600001380534 0.43463476081127 0.601000001426569
v 1.20729854152293 0.43463476081127 0.601000001426569
v 1.20729854152295 0.43463476081127 0.119903703924051
v 0.43600001380534 0.43463476081127 0.601000001426569
v 0.43600001380534 0.418634760051311 0.601000001426569
v 1.20729854152293 0.418634760051311 0.601000001426569
v 1.20729854152293 0.43463476081127 0.601000001426569
vn 1 0 3.17418888334366E-014
vn 1 0 3.17418888334366E-014
vn 1 0 3.17418888334366E-014
vn 1 0 3.17418888334366E-014
vn 1 0 3.17418888334366E-014
vn 1 0 3.17418888334366E-014
vn -1 0 -3.17418888334366E-014
vn -1 0 -3.17418888334366E-014
vn -1 0 -3.17418888334366E-014
vn -1 0 -3.17418888334366E-014
vn -1 0 -3.17418888334366E-014
vn -1 0 -3.17418888334366E-014
vn 0 -1 0
vn 0 -1 0
vn 0 -1 0
vn 0 -1 0
vn 0 0 -1
vn 0 0 -1
vn 0 0 -1
vn 0 0 -1
vn 0 1 0
vn 0 1 0
vn 0 1 0
vn 0 1 0
vn 0 0 1
vn 0 0 1
vn 0 0 1
vn 0 0 1
vt -0.999999999999994 6.10928072122376E-018
vt -5.52349722491262E-015 -1
vt -1 -1
vt -5.52349722491262E-015 -1
vt -0.999999999999994 6.10928072122376E-018
vt 0 0
vt 8.34044042493497E-017 0
vt -1 -1
vt -5.44009282066327E-015 -1
vt -1 -1
vt 8.34044042493497E-017 0
vt -0.999999999999994 0
vt -1.66533453693774E-016 -1
vt -5.19527184025075E-017 -4.44089209850063E-016
vt -1 -1.11022302462516E-016
vt -1 -1
vt 0 -1
vt 3.81065450939785E-018 -8.88178419700125E-015
vt -1 0
vt -1 -0.999999999999991
vt -1.66533453693774E-016 -1
vt -5.19527184025075E-017 -4.44089209850063E-016
vt -1 -1.11022302462516E-016
vt -1 -1
vt 0 -1
vt 3.81065450939785E-018 -8.88178419700125E-015
vt -1 0
vt -1 -0.999999999999991
usemtl material_2
f 937/937/937 938/938/938 939/939/939
f 940/940/940 941/941/941 942/942/942
f 943/943/943 944/944/944 945/945/945
f 946/946/946 947/947/947 948/948/948
f 949/949/949 950/950/950 951/951/951 952/952/952
f 953/953/953 954/954/954 955/955/955 956/956/956
f 957/957/957 958/958/958 959/959/959 960/960/960
f 961/961/961 962/962/962 963/963/963 964/964/964
#block begin
o 34_
g 34_
v 1.22299999945695 1.48051299956894 0.60099999962002
v 0.821488687925879 2.95900001433945 0.60099999962002
v 0.821488687925879 1.48051299956894 0.60099999962002
v 0.821488687925879 2.95900001433945 0.60099999962002
v 1.22299999945695 1.48051299956894 0.60099999962002
v 1.22299999945695 2.95900001433945 0.60099999962002
v 1.22299999945695 2.95900001433945 0.61700000037998
v 0.821488687925879 1.48051299956894 0.61700000037998
v 0.821488687925879 2.95900001433945 0.61700000037998
v 0.821488687925879 1.48051299956894 0.61700000037998
v 1.22299999945695 2.95900001433945 0.61700000037998
v 1.22299999945695 1.48051299956894 0.61700000037998
v 0.821488687925879 1.48051299956894 0.61700000037998
v 1.22299999945695 1.48051299956894 0.61700000037998
v 1.22299999945695 1.48051299956894 0.60099999962002
v 0.821488687925879 1.48051299956894 0.60099999962002
v 1.22299999945695 1.48051299956894 0.61700000037998
v 1.22299999945695 2.95900001433945 0.61700000037998
v 1.22299999945695 2.95900001433945 0.60099999962002
v 1.22299999945695 1.48051299956894 0.60099999962002
v 1.22299999945695 2.95900001433945 0.61700000037998
v 0.821488687925879 2.95900001433945 0.61700000037998
v 0.821488687925879 2.95900001433945 0.60099999962002
v 1.22299999945695 2.95900001433945 0.60099999962002
v 0.821488687925879 2.95900001433945 0.61700000037998
v 0.821488687925879 1.48051299956894 0.61700000037998
v 0.821488687925879 1.48051299956894 0.60099999962002
v 0.821488687925879 2.95900001433945 0.60099999962002
vn 0 0 -1
vn 0 0 -1
vn 0 0 -1
vn 0 0 -1
vn 0 0 -1
vn 0 0 -1
vn 0 0 1
vn 0 0 1
vn 0 0 1
vn 0 0 1
vn 0 0 1
vn 0 0 1
vn -1.65906606961158E-015 -1 0
vn -1.65906606961158E-015 -1 0
vn -1.65906606961158E-015 -1 0
vn -1.65906606961158E-015 -1 0
vn 1 3.15327051680903E-015 0
vn 1 3.15327051680903E-015 0
vn 1 3.15327051680903E-015 0
vn 1 3.15327051680903E-015 0
vn 0 1 0
vn 0 1 0
vn 0 1 0
vn 0 1 0
vn -1 0 0
vn -1 0 0
vn -1 0 0
vn -1 0 0
vt -1 -0.999999999999999
vt 0 -7.21644966006352E-016
vt -1 -4.52165697691825E-017
vt 0 -7.21644966006352E-016
vt -1 -0.999999999999999
vt -4.98864259655655E-017 -1
vt 5.79354157703342E-031 -0.999999999999988
vt -1 -1.11022302462516E-016
vt 4.98864259655655E-017 -7.7715611723761E-016
vt -1 -1.11022302462516E-016
vt 5.79354157703342E-031 -0.999999999999988
vt -1 -0.999999999999999
vt 0 0
vt -4.60977697329445E-015 -1
vt -1 -1
vt -0.999999999999995 7.32022293169111E-018
vt 0 0
vt -1.69746033290445E-014 -1
vt -1 -1
vt -0.999999999999983 1.98794601887116E-018
vt 0 0
vt -4.6097769732944E-015 -1
vt -1 -1
vt -0.999999999999995 7.32022293169119E-018
vt 0 0
vt -1.69746033290445E-014 -1
vt -1 -1
vt -0.999999999999983 1.98794601887116E-018
usemtl material_2
f 967/967/967 966/966/966 965/965/965
f 970/970/970 969/969/969 968/968/968
f 973/973/973 972/972/972 971/971/971
f 976/976/976 975/975/975 974/974/974
f 980/980/980 979/979/979 978/978/978 977/977/977
f 984/984/984 983/983/983 982/982/982 981/981/981
f 988/988/988 987/987/987 986/986/986 985/985/985
f 992/992/992 991/991/991 990/990/990 989/989/989
#block begin
o 35_
g 35_
v 0.821488689475599 1.48051299956894 0.60099999962002
v 0.419999997907225 2.95900001433945 0.60099999962002
v 0.419999997907225 1.48051299956894 0.60099999962002
v 0.419999997907225 2.95900001433945 0.60099999962002
v 0.821488689475599 1.48051299956894 0.60099999962002
v 0.821488689475599 2.95900001433945 0.60099999962002
v 0.821488689475599 2.95900001433945 0.61700000037998
v 0.419999997907225 1.48051299956894 0.61700000037998
v 0.419999997907225 2.95900001433945 0.61700000037998
v 0.419999997907225 1.48051299956894 0.61700000037998
v 0.821488689475599 2.95900001433945 0.61700000037998
v 0.821488689475599 1.48051299956894 0.61700000037998
v 0.419999997907225 1.48051299956894 0.61700000037998
v 0.821488689475599 1.48051299956894 0.61700000037998
v 0.821488689475599 1.48051299956894 0.60099999962002
v 0.419999997907225 1.48051299956894 0.60099999962002
v 0.821488689475599 1.48051299956894 0.61700000037998
v 0.821488689475599 2.95900001433945 0.61700000037998
v 0.821488689475599 2.95900001433945 0.60099999962002
v 0.821488689475599 1.48051299956894 0.60099999962002
v 0.821488689475599 2.95900001433945 0.61700000037998
v 0.419999997907225 2.95900001433945 0.61700000037998
v 0.419999997907225 2.95900001433945 0.60099999962002
v 0.821488689475599 2.95900001433945 0.60099999962002
v 0.419999997907225 2.95900001433945 0.61700000037998
v 0.419999997907225 1.48051299956894 0.61700000037998
v 0.419999997907225 1.48051299956894 0.60099999962002
v 0.419999997907225 2.95900001433945 0.60099999962002
vn 0 0 -1
vn 0 0 -1
vn 0 0 -1
vn 0 0 -1
vn 0 0 -1
vn 0 0 -1
vn 0 0 1
vn 0 0 1
vn 0 0 1
vn 0 0 1
vn 0 0 1
vn 0 0 1
vn -1.65915956087313E-015 -1 0
vn -1.65915956087313E-015 -1 0
vn -1.65915956087313E-015 -1 0
vn -1.65915956087313E-015 -1 0
vn 1 3.1899364555133E-015 0
vn 1 3.1899364555133E-015 0
vn 1 3.1899364555133E-015 0
vn 1 3.1899364555133E-015 0
vn 0 1 0
vn 0 1 0
vn 0 1 0
vn 0 1 0
vn -1 0 0
vn -1 0 0
vn -1 0 0
vn -1 0 0
vt -1 -0.999999999999999
vt 0 -7.21644966006352E-016
vt -1 -4.51784507599351E-017
vt 0 -7.21644966006352E-016
vt -1 -0.999999999999999
vt -4.98836148565308E-017 -1
vt 5.86251224969262E-031 -0.999999999999988
vt -1 -1.11022302462516E-016
vt 4.98836148565308E-017 -7.7715611723761E-016
vt -1 -1.11022302462516E-016
vt 5.86251224969262E-031 -0.999999999999988
vt -1 -0.999999999999999
vt 0 0
vt -4.60951721153668E-015 -1
vt -1 -1
vt -0.999999999999995 7.32063545080943E-018
vt 0 0
vt -1.69746033290445E-014 -1
vt -1 -1
vt -0.999999999999983 1.98794601887116E-018
vt 0 0
vt -4.60951721153662E-015 -1
vt -1 -1
vt -0.999999999999995 7.32063545080952E-018
vt 0 0
vt -1.69746033290445E-014 -1
vt -1 -1
vt -0.999999999999983 1.98794601887116E-018
usemtl material_2
f 995/995/995 994/994/994 993/993/993
f 998/998/998 997/997/997 996/996/996
f 1001/1001/1001 1000/1000/1000 999/999/999
f 1004/1004/1004 1003/1003/1003 1002/1002/1002
f 1008/1008/1008 1007/1007/1007 1006/1006/1006 1005/1005/1005
f 1012/1012/1012 1011/1011/1011 1010/1010/1010 1009/1009/1009
f 1016/1016/1016 1015/1015/1015 1014/1014/1014 1013/1013/1013
f 1020/1020/1020 1019/1019/1019 1018/1018/1018 1017/1017/1017
#block begin
o 36_bok
g 36_bok
v 0.404298551298348 0.771092255440134 0.116767613554157
v 0.404298551298343 0.787092256200093 0.617000012064137
v 0.404298551298343 0.771092255440134 0.617000012064137
v 0.404298551298343 0.787092256200093 0.617000012064137
v 0.404298551298348 0.771092255440134 0.116767613554157
v 0.404298551298348 0.787092256200093 0.116767613554157
v 0.116000004030435 0.787092256200093 0.116767613554157
v 0.116000004030429 0.771092255440134 0.617000012064137
v 0.116000004030429 0.787092256200093 0.617000012064137
v 0.116000004030429 0.771092255440134 0.617000012064137
v 0.116000004030435 0.787092256200093 0.116767613554157
v 0.116000004030435 0.771092255440134 0.116767613554157
v 0.116000004030429 0.771092255440134 0.617000012064137
v 0.116000004030435 0.771092255440134 0.116767613554157
v 0.404298551298348 0.771092255440134 0.116767613554157
v 0.404298551298343 0.771092255440134 0.617000012064137
v 0.116000004030435 0.771092255440134 0.116767613554157
v 0.116000004030435 0.787092256200093 0.116767613554157
v 0.404298551298348 0.787092256200093 0.116767613554157
v 0.404298551298348 0.771092255440134 0.116767613554157
v 0.116000004030435 0.787092256200093 0.116767613554157
v 0.116000004030429 0.787092256200093 0.617000012064137
v 0.404298551298343 0.787092256200093 0.617000012064137
v 0.404298551298348 0.787092256200093 0.116767613554157
v 0.116000004030429 0.787092256200093 0.617000012064137
v 0.116000004030429 0.771092255440134 0.617000012064137
v 0.404298551298343 0.771092255440134 0.617000012064137
v 0.404298551298343 0.787092256200093 0.617000012064137
vn 1 0 1.14107169169396E-014
vn 1 0 1.14107169169396E-014
vn 1 0 1.14107169169396E-014
vn 1 0 1.14107169169396E-014
vn 1 0 1.14107169169396E-014
vn 1 0 1.14107169169396E-014
vn -1 0 -1.14107169169396E-014
vn -1 0 -1.14107169169396E-014
vn -1 0 -1.14107169169396E-014
vn -1 0 -1.14107169169396E-014
vn -1 0 -1.14107169169396E-014
vn -1 0 -1.14107169169396E-014
vn 0 -1 0
vn 0 -1 0
vn 0 -1 0
vn 0 -1 0
vn 0 0 -1
vn 0 0 -1
vn 0 0 -1
vn 0 0 -1
vn 0 1 0
vn 0 1 0
vn 0 1 0
vn 0 1 0
vn 0 0 1
vn 0 0 1
vn 0 0 1
vn 0 0 1
vt -0.999999999999994 5.87557397017032E-018
vt -5.74319977609156E-015 -1
vt -1 -1
vt -5.74319977609156E-015 -1
vt -0.999999999999994 5.87557397017032E-018
vt 0 0
vt 8.1062350503265E-017 0
vt -1 -1
vt -5.6621374255883E-015 -1
vt -1 -1
vt 8.1062350503265E-017 0
vt -0.999999999999994 0
vt -3.88578058618805E-016 -1
vt -6.98418224521246E-017 0
vt -1 0
vt -1 -1
vt 0 -1
vt 1.01948215266361E-017 -3.33066907387547E-015
vt -1 0
vt -1 -0.999999999999997
vt -3.88578058618805E-016 -1
vt -6.98418224521246E-017 0
vt -1 0
vt -1 -1
vt 0 -1
vt 1.01948215266361E-017 -3.33066907387547E-015
vt -1 0
vt -1 -0.999999999999997
usemtl material_3
f 1021/1021/1021 1022/1022/1022 1023/1023/1023
f 1024/1024/1024 1025/1025/1025 1026/1026/1026
f 1027/1027/1027 1028/1028/1028 1029/1029/1029
f 1030/1030/1030 1031/1031/1031 1032/1032/1032
f 1033/1033/1033 1034/1034/1034 1035/1035/1035 1036/1036/1036
f 1037/1037/1037 1038/1038/1038 1039/1039/1039 1040/1040/1040
f 1041/1041/1041 1042/1042/1042 1043/1043/1043 1044/1044/1044
f 1045/1045/1045 1046/1046/1046 1047/1047/1047 1048/1048/1048
#block begin
o 37_bok
g 37_bok
v 0.420000000073923 9.69584479371122E-009 0.0999999902336287
v 0.420000000073923 1.48815847412761 0.616952504882066
v 0.420000000073923 9.69584479371122E-009 0.616952504882066
v 0.420000000073923 1.48815847412761 0.616952504882066
v 0.420000000073923 9.69584479371122E-009 0.0999999902336287
v 0.420000000073923 1.48815847412761 0.0999999902336287
v 0.404298555254353 1.48815847412761 0.0999999902336287
v 0.404298555254353 9.69584479371122E-009 0.616952504882066
v 0.404298555254353 1.48815847412761 0.616952504882066
v 0.404298555254353 9.69584479371122E-009 0.616952504882066
v 0.404298555254353 1.48815847412761 0.0999999902336287
v 0.404298555254353 9.69584479371122E-009 0.0999999902336287
v 0.404298555254353 9.69584479371122E-009 0.616952504882066
v 0.404298555254353 9.69584479371122E-009 0.0999999902336287
v 0.420000000073923 9.69584479371122E-009 0.0999999902336287
v 0.420000000073923 9.69584479371122E-009 0.616952504882066
v 0.404298555254353 9.69584479371122E-009 0.0999999902336287
v 0.404298555254353 1.48815847412761 0.0999999902336287
v 0.420000000073923 1.48815847412761 0.0999999902336287
v 0.420000000073923 9.69584479371122E-009 0.0999999902336287
v 0.404298555254353 1.48815847412761 0.0999999902336287
v 0.404298555254353 1.48815847412761 0.616952504882066
v 0.420000000073923 1.48815847412761 0.616952504882066
v 0.420000000073923 1.48815847412761 0.0999999902336287
v 0.404298555254353 1.48815847412761 0.616952504882066
v 0.404298555254353 9.69584479371122E-009 0.616952504882066
v 0.420000000073923 9.69584479371122E-009 0.616952504882066
v 0.420000000073923 1.48815847412761 0.616952504882066
vn 1 0 0
vn 1 0 0
vn 1 0 0
vn 1 0 0
vn 1 0 0
vn 1 0 0
vn -1 0 0
vn -1 0 0
vn -1 0 0
vn -1 0 0
vn -1 0 0
vn -1 0 0
vn 0 -1 0
vn 0 -1 0
vn 0 -1 0
vn 0 -1 0
vn 0 0 -1
vn 0 0 -1
vn 0 0 -1
vn 0 0 -1
vn 0 1 0
vn 0 1 0
vn 0 1 0
vn 0 1 0
vn 0 0 1
vn 0 0 1
vn 0 0 1
vn 0 0 1
vt -1 8.47220081218639E-017
vt -6.38121771306357E-017 -1
vt -1 -0.999999999999999
vt -6.38121771306357E-017 -1
vt -1 8.47220081218639E-017
vt 0 -4.44089209850063E-016
vt 6.38121771306357E-017 -4.44089209850063E-016
vt -1 -0.999999999999999
vt 0 -1
vt -1 -0.999999999999999
vt 6.38121771306357E-017 -4.44089209850063E-016
vt -1 0
vt -5.93969318174459E-015 -1
vt 1.08325631404176E-016 0
vt -0.999999999999994 0
vt -1 -1
vt -1.7430501486615E-014 -1
vt -1.99839010545517E-017 0
vt -0.999999999999983 0
vt -1 -1
vt -5.93969318174459E-015 -1
vt 1.08325631404176E-016 0
vt -0.999999999999994 0
vt -1 -1
vt -1.7430501486615E-014 -1
vt -1.99839010545517E-017 0
vt -0.999999999999983 0
vt -1 -1
usemtl material_3
f 1049/1049/1049 1050/1050/1050 1051/1051/1051
f 1052/1052/1052 1053/1053/1053 1054/1054/1054
f 1055/1055/1055 1056/1056/1056 1057/1057/1057
f 1058/1058/1058 1059/1059/1059 1060/1060/1060
f 1061/1061/1061 1062/1062/1062 1063/1063/1063 1064/1064/1064
f 1065/1065/1065 1066/1066/1066 1067/1067/1067 1068/1068/1068
f 1069/1069/1069 1070/1070/1070 1071/1071/1071 1072/1072/1072
f 1073/1073/1073 1074/1074/1074 1075/1075/1075 1076/1076/1076
#block begin
o 38_plecy
g 38_plecy
v 0.116000004030181 1.48722155701719E-008 0.100863920077464
v 0.404298551298095 1.47216917571511 0.100863920077467
v 0.404298551298095 1.48722155701719E-008 0.100863920077467
v 0.404298551298095 1.47216917571511 0.100863920077467
v 0.116000004030181 1.48722155701719E-008 0.100863920077464
v 0.116000004030181 1.47216917571511 0.100863920077464
v 0.116000004030181 1.47216917571511 0.116767625808499
v 0.404298551298095 1.48722155701719E-008 0.116767625808501
v 0.404298551298095 1.47216917571511 0.116767625808501
v 0.404298551298095 1.48722155701719E-008 0.116767625808501
v 0.116000004030181 1.47216917571511 0.116767625808499
v 0.116000004030181 1.48722155701719E-008 0.116767625808499
v 0.404298551298095 1.48722155701719E-008 0.116767625808501
v 0.116000004030181 1.48722155701719E-008 0.116767625808499
v 0.116000004030181 1.48722155701719E-008 0.100863920077464
v 0.404298551298095 1.48722155701719E-008 0.100863920077467
v 0.116000004030181 1.48722155701719E-008 0.116767625808499
v 0.116000004030181 1.47216917571511 0.116767625808499
v 0.116000004030181 1.47216917571511 0.100863920077464
v 0.116000004030181 1.48722155701719E-008 0.100863920077464
v 0.116000004030181 1.47216917571511 0.116767625808499
v 0.404298551298095 1.47216917571511 0.116767625808501
v 0.404298551298095 1.47216917571511 0.100863920077467
v 0.116000004030181 1.47216917571511 0.100863920077464
v 0.404298551298095 1.47216917571511 0.116767625808501
v 0.404298551298095 1.48722155701719E-008 0.116767625808501
v 0.404298551298095 1.48722155701719E-008 0.100863920077467
v 0.404298551298095 1.47216917571511 0.100863920077467
vn 9.08607553403192E-015 0 -1
vn 9.08607553403192E-015 0 -1
vn 9.08607553403192E-015 0 -1
vn 9.08607553403192E-015 0 -1
vn 9.08607553403192E-015 0 -1
vn 9.08607553403192E-015 0 -1
vn -9.08607553403192E-015 0 1
vn -9.08607553403192E-015 0 1
vn -9.08607553403192E-015 0 1
vn -9.08607553403192E-015 0 1
vn -9.08607553403192E-015 0 1
vn -9.08607553403192E-015 0 1
vn 0 -1 0
vn 0 -1 0
vn 0 -1 0
vn 0 -1 0
vn -1 0 0
vn -1 0 0
vn -1 0 0
vn -1 0 0
vn 0 1 0
vn 0 1 0
vn 0 1 0
vn 0 1 0
vn 1 0 0
vn 1 0 0
vn 1 0 0
vn 1 0 0
vt -1 -5.65818624241501E-018
vt -3.59738444370716E-017 -1
vt -1 -0.999999999999999
vt -3.59738444370716E-017 -1
vt -1 -5.65818624241501E-018
vt 0 -9.43689570931383E-016
vt 3.59738444370716E-017 -8.88178419700125E-016
vt -1 -0.999999999999999
vt 0 -1
vt -1 -0.999999999999999
vt 3.59738444370716E-017 -8.88178419700125E-016
vt -1 0
vt -3.27515792264421E-015 -1
vt 5.48575850429984E-017 0
vt -0.999999999999997 0
vt -1 -1
vt -1.69864122767649E-014 -1
vt 1.7995632989681E-017 0
vt -0.999999999999983 0
vt -1 -1
vt -3.27515792264421E-015 -1
vt 5.48575850429984E-017 0
vt -0.999999999999997 0
vt -1 -1
vt -1.69864122767649E-014 -1
vt 1.7995632989681E-017 0
vt -0.999999999999983 0
vt -1 -1
usemtl material_3
f 1077/1077/1077 1078/1078/1078 1079/1079/1079
f 1080/1080/1080 1081/1081/1081 1082/1082/1082
f 1083/1083/1083 1084/1084/1084 1085/1085/1085
f 1086/1086/1086 1087/1087/1087 1088/1088/1088
f 1089/1089/1089 1090/1090/1090 1091/1091/1091 1092/1092/1092
f 1093/1093/1093 1094/1094/1094 1095/1095/1095 1096/1096/1096
f 1097/1097/1097 1098/1098/1098 1099/1099/1099 1100/1100/1100
f 1101/1101/1101 1102/1102/1102 1103/1103/1103 1104/1104/1104
#block begin
o 39_bok
g 39_bok
v 0.116000000379979 9.69584423859971E-009 0.10001164112628
v 0.116000000379979 1.48815847412761 0.616966659169798
v 0.116000000379979 9.69584423859971E-009 0.616966659169798
v 0.116000000379979 1.48815847412761 0.616966659169798
v 0.116000000379979 9.69584423859971E-009 0.10001164112628
v 0.116000000379979 1.48815847412761 0.10001164112628
v 0.0999999996200199 1.48815847412761 0.10001164112628
v 0.0999999996200199 9.69584423859971E-009 0.616966659169798
v 0.0999999996200199 1.48815847412761 0.616966659169798
v 0.0999999996200199 9.69584423859971E-009 0.616966659169798
v 0.0999999996200199 1.48815847412761 0.10001164112628
v 0.0999999996200199 9.69584423859971E-009 0.10001164112628
v 0.0999999996200199 9.69584423859971E-009 0.616966659169798
v 0.0999999996200199 9.69584423859971E-009 0.10001164112628
v 0.116000000379979 9.69584423859971E-009 0.10001164112628
v 0.116000000379979 9.69584423859971E-009 0.616966659169798
v 0.0999999996200199 9.69584423859971E-009 0.10001164112628
v 0.0999999996200199 1.48815847412761 0.10001164112628
v 0.116000000379979 1.48815847412761 0.10001164112628
v 0.116000000379979 9.69584423859971E-009 0.10001164112628
v 0.0999999996200199 1.48815847412761 0.10001164112628
v 0.0999999996200199 1.48815847412761 0.616966659169798
v 0.116000000379979 1.48815847412761 0.616966659169798
v 0.116000000379979 1.48815847412761 0.10001164112628
v 0.0999999996200199 1.48815847412761 0.616966659169798
v 0.0999999996200199 9.69584423859971E-009 0.616966659169798
v 0.116000000379979 9.69584423859971E-009 0.616966659169798
v 0.116000000379979 1.48815847412761 0.616966659169798
vn 1 0 0
vn 1 0 0
vn 1 0 0
vn 1 0 0
vn 1 0 0
vn 1 0 0
vn -1 0 0
vn -1 0 0
vn -1 0 0
vn -1 0 0
vn -1 0 0
vn -1 0 0
vn 0 -1 0
vn 0 -1 0
vn 0 -1 0
vn 0 -1 0
vn 0 0 -1
vn 0 0 -1
vn 0 0 -1
vn 0 0 -1
vn 0 1 0
vn 0 1 0
vn 0 1 0
vn 0 1 0
vn 0 0 1
vn 0 0 1
vn 0 0 1
vn 0 0 1
vt -1 1.40230563225243E-016
vt -6.38124904095143E-017 -1
vt -1 -0.999999999999999
vt -6.38124904095143E-017 -1
vt -1 1.40230563225243E-016
vt 0 -3.88578058618805E-016
vt 6.38124904095143E-017 -4.44089209850063E-016
vt -1 -0.999999999999999
vt 0 -1
vt -1 -0.999999999999999
vt 6.38124904095143E-017 -4.44089209850063E-016
vt -1 0
vt -5.82867087928207E-015 -1
vt 1.06522806769495E-016 0
vt -0.999999999999994 0
vt -1 -1
vt -1.71529457304587E-014 -1
vt -6.73033194735011E-017 0
vt -0.999999999999983 0
vt -1 -1
vt -5.82867087928207E-015 -1
vt 1.06522806769495E-016 0
vt -0.999999999999994 0
vt -1 -1
vt -1.71529457304587E-014 -1
vt -6.73033194735011E-017 0
vt -0.999999999999983 0
vt -1 -1
usemtl material_3
f 1105/1105/1105 1106/1106/1106 1107/1107/1107
f 1108/1108/1108 1109/1109/1109 1110/1110/1110
f 1111/1111/1111 1112/1112/1112 1113/1113/1113
f 1114/1114/1114 1115/1115/1115 1116/1116/1116
f 1117/1117/1117 1118/1118/1118 1119/1119/1119 1120/1120/1120
f 1121/1121/1121 1122/1122/1122 1123/1123/1123 1124/1124/1124
f 1125/1125/1125 1126/1126/1126 1127/1127/1127 1128/1128/1128
f 1129/1129/1129 1130/1130/1130 1131/1131/1131 1132/1132/1132
#block begin
o 40_wieniec
g 40_wieniec
v 0.11599999396905 0.0539999996200222 0.600966669686785
v 0.40424382417306 0.0539999996200222 0.116767622598161
v 0.40424382417306 0.0539999996200222 0.600966669686785
v 0.40424382417306 0.0539999996200222 0.116767622598161
v 0.11599999396905 0.0539999996200222 0.600966669686785
v 0.11599999396905 0.0539999996200222 0.116767622598161
v 0.11599999396905 0.0700000003799815 0.116767622598161
v 0.40424382417306 0.0700000003799815 0.600966669686785
v 0.40424382417306 0.0700000003799815 0.116767622598161
v 0.40424382417306 0.0700000003799815 0.600966669686785
v 0.11599999396905 0.0700000003799815 0.116767622598161
v 0.11599999396905 0.0700000003799815 0.600966669686785
v 0.40424382417306 0.0700000003799815 0.600966669686785
v 0.11599999396905 0.0700000003799815 0.600966669686785
v 0.11599999396905 0.0539999996200222 0.600966669686785
v 0.40424382417306 0.0539999996200222 0.600966669686785
v 0.11599999396905 0.0700000003799815 0.600966669686785
v 0.11599999396905 0.0700000003799815 0.116767622598161
v 0.11599999396905 0.0539999996200222 0.116767622598161
v 0.11599999396905 0.0539999996200222 0.600966669686785
v 0.11599999396905 0.0700000003799815 0.116767622598161
v 0.40424382417306 0.0700000003799815 0.116767622598161
v 0.40424382417306 0.0539999996200222 0.116767622598161
v 0.11599999396905 0.0539999996200222 0.116767622598161
v 0.40424382417306 0.0700000003799815 0.116767622598161
v 0.40424382417306 0.0700000003799815 0.600966669686785
v 0.40424382417306 0.0539999996200222 0.600966669686785
v 0.40424382417306 0.0539999996200222 0.116767622598161
vn 0 -1 0
vn 0 -1 0
vn 0 -1 0
vn 0 -1 0
vn 0 -1 0
vn 0 -1 0
vn 0 1 0
vn 0 1 0
vn 0 1 0
vn 0 1 0
vn 0 1 0
vn 0 1 0
vn 0 0 1
vn 0 0 1
vn 0 0 1
vn 0 0 1
vn -1 0 0
vn -1 0 0
vn -1 0 0
vn -1 0 0
vn 0 0 -1
vn 0 0 -1
vn 0 0 -1
vn 0 0 -1
vn 1 0 0
vn 1 0 0
vn 1 0 0
vn 1 0 0
vt -1.11022302462516E-016 -1
vt -1 0
vt -1.11022302462516E-016 -1.11022302462516E-016
vt -1 0
vt -1.11022302462516E-016 -1
vt -1 -1
vt -1 -1
vt -1.11022302462516E-016 -1.02859587690746E-016
vt -1 0
vt -1.11022302462516E-016 -1.02859587690746E-016
vt -1 -1
vt -1.11022302462516E-016 -1
vt -0.999999999999999 0
vt -1 -1
vt -1.11022302462516E-015 -1
vt 0 -3.39891917069612E-018
vt -0.999999999999998 -5.55111512312578E-017
vt -1 -1
vt -1.77635683940025E-015 -1
vt 1.11022302462516E-016 -5.75345287191534E-017
vt -0.999999999999999 0
vt -1 -1
vt -1.11022302462516E-015 -1
vt 0 -3.39891917069612E-018
vt -0.999999999999998 -5.55111512312578E-017
vt -1 -1
vt -1.77635683940025E-015 -1
vt 1.11022302462516E-016 -5.75345287191534E-017
usemtl material_3
f 1133/1133/1133 1134/1134/1134 1135/1135/1135
f 1136/1136/1136 1137/1137/1137 1138/1138/1138
f 1139/1139/1139 1140/1140/1140 1141/1141/1141
f 1142/1142/1142 1143/1143/1143 1144/1144/1144
f 1145/1145/1145 1146/1146/1146 1147/1147/1147 1148/1148/1148
f 1149/1149/1149 1150/1150/1150 1151/1151/1151 1152/1152/1152
f 1153/1153/1153 1154/1154/1154 1155/1155/1155 1156/1156/1156
f 1157/1157/1157 1158/1158/1158 1159/1159/1159 1160/1160/1160
#block begin
o 41_wieniec
g 41_wieniec
v 0.116000004030181 -1.49009748984241E-010 0.616999999730772
v 0.404298551298095 -1.49009748984241E-010 0.600966666935867
v 0.404298551298095 -1.49009748984241E-010 0.616999999730772
v 0.404298551298095 -1.49009748984241E-010 0.600966666935867
v 0.116000004030181 -1.49009748984241E-010 0.616999999730772
v 0.116000004030181 -1.49009748984241E-010 0.600966666935867
v 0.116000004030181 0.0700000001490135 0.600966666935867
v 0.404298551298095 0.0700000001490135 0.616999999730772
v 0.404298551298095 0.0700000001490135 0.600966666935867
v 0.404298551298095 0.0700000001490135 0.616999999730772
v 0.116000004030181 0.0700000001490135 0.600966666935867
v 0.116000004030181 0.0700000001490135 0.616999999730772
v 0.404298551298095 0.0700000001490135 0.616999999730772
v 0.116000004030181 0.0700000001490135 0.616999999730772
v 0.116000004030181 -1.49009748984241E-010 0.616999999730772
v 0.404298551298095 -1.49009748984241E-010 0.616999999730772
v 0.116000004030181 0.0700000001490135 0.616999999730772
v 0.116000004030181 0.0700000001490135 0.600966666935867
v 0.116000004030181 -1.49009748984241E-010 0.600966666935867
v 0.116000004030181 -1.49009748984241E-010 0.616999999730772
v 0.116000004030181 0.0700000001490135 0.600966666935867
v 0.404298551298095 0.0700000001490135 0.600966666935867
v 0.404298551298095 -1.49009748984241E-010 0.600966666935867
v 0.116000004030181 -1.49009748984241E-010 0.600966666935867
v 0.404298551298095 0.0700000001490135 0.600966666935867
v 0.404298551298095 0.0700000001490135 0.616999999730772
v 0.404298551298095 -1.49009748984241E-010 0.616999999730772
v 0.404298551298095 -1.49009748984241E-010 0.600966666935867
vn 0 -1 0
vn 0 -1 0
vn 0 -1 0
vn 0 -1 0
vn 0 -1 0
vn 0 -1 0
vn 0 1 0
vn 0 1 0
vn 0 1 0
vn 0 1 0
vn 0 1 0
vn 0 1 0
vn 0 0 1
vn 0 0 1
vn 0 0 1
vn 0 0 1
vn -1 0 0
vn -1 0 0
vn -1 0 0
vn -1 0 0
vn 0 0 -1
vn 0 0 -1
vn 0 0 -1
vn 0 0 -1
vn 1 0 0
vn 1 0 0
vn 1 0 0
vn 1 0 0
vt -1 -1
vt -1.11022302462516E-016 0
vt -1.11022302462516E-016 -1
vt -1.11022302462516E-016 0
vt -1 -1
vt -1 0
vt -1 0
vt -5.55111512312578E-017 -1
vt -5.55111512312578E-017 0
vt -5.55111512312578E-017 -1
vt -1 0
vt -1 -1
vt -5.55111512312578E-017 0
vt -1 0
vt -1 -1
vt -5.55111512312578E-017 -1
vt 0 0
vt -1 0
vt -1 -1
vt 0 -1
vt -5.55111512312578E-017 0
vt -1 0
vt -1 -1
vt -5.55111512312578E-017 -1
vt 0 0
vt -1 0
vt -1 -1
vt 0 -1
usemtl material_3
f 1161/1161/1161 1162/1162/1162 1163/1163/1163
f 1164/1164/1164 1165/1165/1165 1166/1166/1166
f 1167/1167/1167 1168/1168/1168 1169/1169/1169
f 1170/1170/1170 1171/1171/1171 1172/1172/1172
f 1173/1173/1173 1174/1174/1174 1175/1175/1175 1176/1176/1176
f 1177/1177/1177 1178/1178/1178 1179/1179/1179 1180/1180/1180
f 1181/1181/1181 1182/1182/1182 1183/1183/1183 1184/1184/1184
f 1185/1185/1185 1186/1186/1186 1187/1187/1187 1188/1188/1188
#block begin
o 42_listwa
g 42_listwa
v 0.115985178197875 1.47218451165352 0.616886539807484
v 0.404294901336684 1.47218451165352 0.100000007500817
v 0.404294901336684 1.47218451165352 0.616886539807488
v 0.404294901336684 1.47218451165352 0.100000007500817
v 0.115985178197875 1.47218451165352 0.616886539807484
v 0.115985178197875 1.47218451165352 0.100000007500813
v 0.115985178197875 1.48815848381016 0.100000007500813
v 0.404294901336684 1.48815848381016 0.616886539807488
v 0.404294901336684 1.48815848381016 0.100000007500817
v 0.404294901336684 1.48815848381016 0.616886539807488
v 0.115985178197875 1.48815848381016 0.100000007500813
v 0.115985178197875 1.48815848381016 0.616886539807484
v 0.404294901336684 1.48815848381016 0.616886539807488
v 0.115985178197875 1.48815848381016 0.616886539807484
v 0.115985178197875 1.47218451165352 0.616886539807484
v 0.404294901336684 1.47218451165352 0.616886539807488
v 0.115985178197875 1.48815848381016 0.616886539807484
v 0.115985178197875 1.48815848381016 0.100000007500813
v 0.115985178197875 1.47218451165352 0.100000007500813
v 0.115985178197875 1.47218451165352 0.616886539807484
v 0.115985178197875 1.48815848381016 0.100000007500813
v 0.404294901336684 1.48815848381016 0.100000007500817
v 0.404294901336684 1.47218451165352 0.100000007500817
v 0.115985178197875 1.47218451165352 0.100000007500813
v 0.404294901336684 1.48815848381016 0.100000007500817
v 0.404294901336684 1.48815848381016 0.616886539807488
v 0.404294901336684 1.47218451165352 0.616886539807488
v 0.404294901336684 1.47218451165352 0.100000007500817
vn 0 -1 0
vn 0 -1 0
vn 0 -1 0
vn 0 -1 0
vn 0 -1 0
vn 0 -1 0
vn 0 1 0
vn 0 1 0
vn 0 1 0
vn 0 1 0
vn 0 1 0
vn 0 1 0
vn -1.33816753975221E-014 0 1
vn -1.33816753975221E-014 0 1
vn -1.33816753975221E-014 0 1
vn -1.33816753975221E-014 0 1
vn -1 0 0
vn -1 0 0
vn -1 0 0
vn -1 0 0
vn 1.33816753975221E-014 0 -1
vn 1.33816753975221E-014 0 -1
vn 1.33816753975221E-014 0 -1
vn 1.33816753975221E-014 0 -1
vn 1 0 0
vn 1 0 0
vn 1 0 0
vn 1 0 0
vt 0 -1
vt -1 0
vt 0 -1.11022302462516E-016
vt -1 0
vt 0 -1
vt -1 -1
vt -1 -1
vt 0 -1.09778374315315E-016
vt -1 0
vt 0 -1.09778374315315E-016
vt -1 -1
vt 0 -1
vt -0.999999999999999 0
vt -1 -1
vt -1.11022302462516E-015 -1
vt 0 -3.39261431113768E-018
vt -0.999999999999998 0
vt -1 -1
vt -1.88737914186277E-015 -1
vt 1.11022302462516E-016 -1.89233730358523E-018
vt -0.999999999999999 0
vt -1 -1
vt -1.11022302462516E-015 -1
vt 0 -3.39261431113768E-018
vt -0.999999999999998 0
vt -1 -1
vt -1.88737914186277E-015 -1
vt 1.11022302462516E-016 -1.89233730358523E-018
usemtl material_3
f 1189/1189/1189 1190/1190/1190 1191/1191/1191
f 1192/1192/1192 1193/1193/1193 1194/1194/1194
f 1195/1195/1195 1196/1196/1196 1197/1197/1197
f 1198/1198/1198 1199/1199/1199 1200/1200/1200
f 1201/1201/1201 1202/1202/1202 1203/1203/1203 1204/1204/1204
f 1205/1205/1205 1206/1206/1206 1207/1207/1207 1208/1208/1208
f 1209/1209/1209 1210/1210/1210 1211/1211/1211 1212/1212/1212
f 1213/1213/1213 1214/1214/1214 1215/1215/1215 1216/1216/1216
#block begin
o 43_bok
g 43_bok
v 0.404298551298098 0.0699999996200223 0.116767613554157
v 0.404298551298092 0.0860000003799815 0.617000012064137
v 0.404298551298092 0.0699999996200223 0.617000012064137
v 0.404298551298092 0.0860000003799815 0.617000012064137
v 0.404298551298098 0.0699999996200223 0.116767613554157
v 0.404298551298098 0.0860000003799815 0.116767613554157
v 0.116000004030184 0.0860000003799815 0.116767613554157
v 0.116000004030178 0.0699999996200223 0.617000012064137
v 0.116000004030178 0.0860000003799815 0.617000012064137
v 0.116000004030178 0.0699999996200223 0.617000012064137
v 0.116000004030184 0.0860000003799815 0.116767613554157
v 0.116000004030184 0.0699999996200223 0.116767613554157
v 0.116000004030178 0.0699999996200223 0.617000012064137
v 0.116000004030184 0.0699999996200223 0.116767613554157
v 0.404298551298098 0.0699999996200223 0.116767613554157
v 0.404298551298092 0.0699999996200223 0.617000012064137
v 0.116000004030184 0.0699999996200223 0.116767613554157
v 0.116000004030184 0.0860000003799815 0.116767613554157
v 0.404298551298098 0.0860000003799815 0.116767613554157
v 0.404298551298098 0.0699999996200223 0.116767613554157
v 0.116000004030184 0.0860000003799815 0.116767613554157
v 0.116000004030178 0.0860000003799815 0.617000012064137
v 0.404298551298092 0.0860000003799815 0.617000012064137
v 0.404298551298098 0.0860000003799815 0.116767613554157
v 0.116000004030178 0.0860000003799815 0.617000012064137
v 0.116000004030178 0.0699999996200223 0.617000012064137
v 0.404298551298092 0.0699999996200223 0.617000012064137
v 0.404298551298092 0.0860000003799815 0.617000012064137
vn 1 0 1.14107169169594E-014
vn 1 0 1.14107169169594E-014
vn 1 0 1.14107169169594E-014
vn 1 0 1.14107169169594E-014
vn 1 0 1.14107169169594E-014
vn 1 0 1.14107169169594E-014
vn -1 0 -1.14107169169594E-014
vn -1 0 -1.14107169169594E-014
vn -1 0 -1.14107169169594E-014
vn -1 0 -1.14107169169594E-014
vn -1 0 -1.14107169169594E-014
vn -1 0 -1.14107169169594E-014
vn 0 -1 0
vn 0 -1 0
vn 0 -1 0
vn 0 -1 0
vn 0 0 -1
vn 0 0 -1
vn 0 0 -1
vn 0 0 -1
vn 0 1 0
vn 0 1 0
vn 0 1 0
vn 0 1 0
vn 0 0 1
vn 0 0 1
vn 0 0 1
vn 0 0 1
vt -0.999999999999994 5.87557397017032E-018
vt -5.74319977609156E-015 -1
vt -1 -1
vt -5.74319977609156E-015 -1
vt -0.999999999999994 5.87557397017032E-018
vt 0 0
vt 8.1062350503265E-017 0
vt -1 -1
vt -5.6621374255883E-015 -1
vt -1 -1
vt 8.1062350503265E-017 0
vt -0.999999999999994 0
vt -3.88578058618805E-016 -1
vt -6.98418224526766E-017 0
vt -1 0
vt -1 -1
vt 0 -1
vt 1.01948215266184E-017 -3.33066907387547E-015
vt -1 0
vt -1 -0.999999999999997
vt -3.88578058618805E-016 -1
vt -6.98418224526766E-017 0
vt -1 0
vt -1 -1
vt 0 -1
vt 1.01948215266184E-017 -3.33066907387547E-015
vt -1 0
vt -1 -0.999999999999997
usemtl material_3
f 1217/1217/1217 1218/1218/1218 1219/1219/1219
f 1220/1220/1220 1221/1221/1221 1222/1222/1222
f 1223/1223/1223 1224/1224/1224 1225/1225/1225
f 1226/1226/1226 1227/1227/1227 1228/1228/1228
f 1229/1229/1229 1230/1230/1230 1231/1231/1231 1232/1232/1232
f 1233/1233/1233 1234/1234/1234 1235/1235/1235 1236/1236/1236
f 1237/1237/1237 1238/1238/1238 1239/1239/1239 1240/1240/1240
f 1241/1241/1241 1242/1242/1242 1243/1243/1243 1244/1244/1244
#block begin
o 44_bok
g 44_bok
v 0.404298551297848 1.85415848344347 0.116767613554157
v 0.404298551297842 1.87015848420343 0.617000012064137
v 0.404298551297842 1.85415848344347 0.617000012064137
v 0.404298551297842 1.87015848420343 0.617000012064137
v 0.404298551297848 1.85415848344347 0.116767613554157
v 0.404298551297848 1.87015848420343 0.116767613554157
v 0.116000004029934 1.87015848420343 0.116767613554157
v 0.116000004029928 1.85415848344347 0.617000012064137
v 0.116000004029928 1.87015848420343 0.617000012064137
v 0.116000004029928 1.85415848344347 0.617000012064137
v 0.116000004029934 1.87015848420343 0.116767613554157
v 0.116000004029934 1.85415848344347 0.116767613554157
v 0.116000004029928 1.85415848344347 0.617000012064137
v 0.116000004029934 1.85415848344347 0.116767613554157
v 0.404298551297848 1.85415848344347 0.116767613554157
v 0.404298551297842 1.85415848344347 0.617000012064137
v 0.116000004029934 1.85415848344347 0.116767613554157
v 0.116000004029934 1.87015848420343 0.116767613554157
v 0.404298551297848 1.87015848420343 0.116767613554157
v 0.404298551297848 1.85415848344347 0.116767613554157
v 0.116000004029934 1.87015848420343 0.116767613554157
v 0.116000004029928 1.87015848420343 0.617000012064137
v 0.404298551297842 1.87015848420343 0.617000012064137
v 0.404298551297848 1.87015848420343 0.116767613554157
v 0.116000004029928 1.87015848420343 0.617000012064137
v 0.116000004029928 1.85415848344347 0.617000012064137
v 0.404298551297842 1.85415848344347 0.617000012064137
v 0.404298551297842 1.87015848420343 0.617000012064137
vn 1 0 1.14107169169396E-014
vn 1 0 1.14107169169396E-014
vn 1 0 1.14107169169396E-014
vn 1 0 1.14107169169396E-014
vn 1 0 1.14107169169396E-014
vn 1 0 1.14107169169396E-014
vn -1 0 -1.14107169169396E-014
vn -1 0 -1.14107169169396E-014
vn -1 0 -1.14107169169396E-014
vn -1 0 -1.14107169169396E-014
vn -1 0 -1.14107169169396E-014
vn -1 0 -1.14107169169396E-014
vn 0 -1 0
vn 0 -1 0
vn 0 -1 0
vn 0 -1 0
vn 0 0 -1
vn 0 0 -1
vn 0 0 -1
vn 0 0 -1
vn 0 1 0
vn 0 1 0
vn 0 1 0
vn 0 1 0
vn 0 0 1
vn 0 0 1
vn 0 0 1
vn 0 0 1
vt -0.999999999999994 5.87557397017032E-018
vt -5.74319977609156E-015 -1
vt -1 -1
vt -5.74319977609156E-015 -1
vt -0.999999999999994 5.87557397017032E-018
vt 0 0
vt 8.10623505032626E-017 0
vt -1 -1
vt -5.6621374255883E-015 -1
vt -1 -1
vt 8.10623505032626E-017 0
vt -0.999999999999994 0
vt -3.88578058618805E-016 -1
vt -6.98418224521244E-017 0
vt -1 0
vt -1 -1
vt 0 -1
vt 1.01948215266361E-017 -3.33066907387547E-015
vt -1 0
vt -1 -0.999999999999997
vt -3.88578058618805E-016 -1
vt -6.98418224521244E-017 0
vt -1 0
vt -1 -1
vt 0 -1
vt 1.01948215266361E-017 -3.33066907387547E-015
vt -1 0
vt -1 -0.999999999999997
usemtl material_3
f 1245/1245/1245 1246/1246/1246 1247/1247/1247
f 1248/1248/1248 1249/1249/1249 1250/1250/1250
f 1251/1251/1251 1252/1252/1252 1253/1253/1253
f 1254/1254/1254 1255/1255/1255 1256/1256/1256
f 1257/1257/1257 1258/1258/1258 1259/1259/1259 1260/1260/1260
f 1261/1261/1261 1262/1262/1262 1263/1263/1263 1264/1264/1264
f 1265/1265/1265 1266/1266/1266 1267/1267/1267 1268/1268/1268
f 1269/1269/1269 1270/1270/1270 1271/1271/1271 1272/1272/1272
#block begin
o 45_bok
g 45_bok
v 0.404298551297848 2.59502602743679 0.116767613554157
v 0.404298551297842 2.61102602819675 0.617000012064137
v 0.404298551297842 2.59502602743679 0.617000012064137
v 0.404298551297842 2.61102602819675 0.617000012064137
v 0.404298551297848 2.59502602743679 0.116767613554157
v 0.404298551297848 2.61102602819675 0.116767613554157
v 0.116000004029934 2.61102602819675 0.116767613554157
v 0.116000004029928 2.59502602743679 0.617000012064137
v 0.116000004029928 2.61102602819675 0.617000012064137
v 0.116000004029928 2.59502602743679 0.617000012064137
v 0.116000004029934 2.61102602819675 0.116767613554157
v 0.116000004029934 2.59502602743679 0.116767613554157
v 0.116000004029928 2.59502602743679 0.617000012064137
v 0.116000004029934 2.59502602743679 0.116767613554157
v 0.404298551297848 2.59502602743679 0.116767613554157
v 0.404298551297842 2.59502602743679 0.617000012064137
v 0.116000004029934 2.59502602743679 0.116767613554157
v 0.116000004029934 2.61102602819675 0.116767613554157
v 0.404298551297848 2.61102602819675 0.116767613554157
v 0.404298551297848 2.59502602743679 0.116767613554157
v 0.116000004029934 2.61102602819675 0.116767613554157
v 0.116000004029928 2.61102602819675 0.617000012064137
v 0.404298551297842 2.61102602819675 0.617000012064137
v 0.404298551297848 2.61102602819675 0.116767613554157
v 0.116000004029928 2.61102602819675 0.617000012064137
v 0.116000004029928 2.59502602743679 0.617000012064137
v 0.404298551297842 2.59502602743679 0.617000012064137
v 0.404298551297842 2.61102602819675 0.617000012064137
vn 1 0 1.14107169169396E-014
vn 1 0 1.14107169169396E-014
vn 1 0 1.14107169169396E-014
vn 1 0 1.14107169169396E-014
vn 1 0 1.14107169169396E-014
vn 1 0 1.14107169169396E-014
vn -1 0 -1.14107169169396E-014
vn -1 0 -1.14107169169396E-014
vn -1 0 -1.14107169169396E-014
vn -1 0 -1.14107169169396E-014
vn -1 0 -1.14107169169396E-014
vn -1 0 -1.14107169169396E-014
vn 0 -1 0
vn 0 -1 0
vn 0 -1 0
vn 0 -1 0
vn 0 0 -1
vn 0 0 -1
vn 0 0 -1
vn 0 0 -1
vn 0 1 0
vn 0 1 0
vn 0 1 0
vn 0 1 0
vn 0 0 1
vn 0 0 1
vn 0 0 1
vn 0 0 1
vt -0.999999999999994 5.87557397017032E-018
vt -5.74319977609156E-015 -1
vt -1 -1
vt -5.74319977609156E-015 -1
vt -0.999999999999994 5.87557397017032E-018
vt 0 0
vt 8.10623505032626E-017 0
vt -1 -1
vt -5.6621374255883E-015 -1
vt -1 -1
vt 8.10623505032626E-017 0
vt -0.999999999999994 0
vt -3.88578058618805E-016 -1
vt -6.98418224521244E-017 0
vt -1 0
vt -1 -1
vt 0 -1
vt 1.01948215266361E-017 -3.33066907387547E-015
vt -1 0
vt -1 -0.999999999999997
vt -3.88578058618805E-016 -1
vt -6.98418224521244E-017 0
vt -1 0
vt -1 -1
vt 0 -1
vt 1.01948215266361E-017 -3.33066907387547E-015
vt -1 0
vt -1 -0.999999999999997
usemtl material_3
f 1273/1273/1273 1274/1274/1274 1275/1275/1275
f 1276/1276/1276 1277/1277/1277 1278/1278/1278
f 1279/1279/1279 1280/1280/1280 1281/1281/1281
f 1282/1282/1282 1283/1283/1283 1284/1284/1284
f 1285/1285/1285 1286/1286/1286 1287/1287/1287 1288/1288/1288
f 1289/1289/1289 1290/1290/1290 1291/1291/1291 1292/1292/1292
f 1293/1293/1293 1294/1294/1294 1295/1295/1295 1296/1296/1296
f 1297/1297/1297 1298/1298/1298 1299/1299/1299 1300/1300/1300
#block begin
o 46_bok
g 46_bok
v 0.420000000073923 1.48815847508128 0.0999999902336287
v 0.420000000073923 2.97700000874217 0.616952504882066
v 0.420000000073923 1.48815847508128 0.616952504882066
v 0.420000000073923 2.97700000874217 0.616952504882066
v 0.420000000073923 1.48815847508128 0.0999999902336287
v 0.420000000073923 2.97700000874217 0.0999999902336287
v 0.404298555254353 2.97700000874217 0.0999999902336287
v 0.404298555254353 1.48815847508128 0.616952504882066
v 0.404298555254353 2.97700000874217 0.616952504882066
v 0.404298555254353 1.48815847508128 0.616952504882066
v 0.404298555254353 2.97700000874217 0.0999999902336287
v 0.404298555254353 1.48815847508128 0.0999999902336287
v 0.404298555254353 1.48815847508128 0.616952504882066
v 0.404298555254353 1.48815847508128 0.0999999902336287
v 0.420000000073923 1.48815847508128 0.0999999902336287
v 0.420000000073923 1.48815847508128 0.616952504882066
v 0.404298555254353 1.48815847508128 0.0999999902336287
v 0.404298555254353 2.97700000874217 0.0999999902336287
v 0.420000000073923 2.97700000874217 0.0999999902336287
v 0.420000000073923 1.48815847508128 0.0999999902336287
v 0.404298555254353 2.97700000874217 0.0999999902336287
v 0.404298555254353 2.97700000874217 0.616952504882066
v 0.420000000073923 2.97700000874217 0.616952504882066
v 0.420000000073923 2.97700000874217 0.0999999902336287
v 0.404298555254353 2.97700000874217 0.616952504882066
v 0.404298555254353 1.48815847508128 0.616952504882066
v 0.420000000073923 1.48815847508128 0.616952504882066
v 0.420000000073923 2.97700000874217 0.616952504882066
vn 1 0 0
vn 1 0 0
vn 1 0 0
vn 1 0 0
vn 1 0 0
vn 1 0 0
vn -1 0 0
vn -1 0 0
vn -1 0 0
vn -1 0 0
vn -1 0 0
vn -1 0 0
vn 0 -1 0
vn 0 -1 0
vn 0 -1 0
vn 0 -1 0
vn 0 0 -1
vn 0 0 -1
vn 0 0 -1
vn 0 0 -1
vn 0 1 0
vn 0 1 0
vn 0 1 0
vn 0 1 0
vn 0 0 1
vn 0 0 1
vn 0 0 1
vn 0 0 1
vt -1 8.4964720960908E-017
vt -6.37829021668277E-017 -1
vt -1 -0.999999999999999
vt -6.37829021668277E-017 -1
vt -1 8.4964720960908E-017
vt 0 -4.44089209850063E-016
vt 6.37829021668277E-017 -4.44089209850063E-016
vt -1 -0.999999999999999
vt 0 -1
vt -1 -0.999999999999999
vt 6.37829021668277E-017 -4.44089209850063E-016
vt -1 0
vt -5.93969318174459E-015 -1
vt 1.08325631404173E-016 0
vt -0.999999999999994 0
vt -1 -1
vt -1.7430501486615E-014 -1
vt -1.19928524368267E-017 0
vt -0.999999999999983 0
vt -1 -1
vt -5.93969318174459E-015 -1
vt 1.08325631404173E-016 0
vt -0.999999999999994 0
vt -1 -1
vt -1.7430501486615E-014 -1
vt -1.19928524368267E-017 0
vt -0.999999999999983 0
vt -1 -1
usemtl material_3
f 1301/1301/1301 1302/1302/1302 1303/1303/1303
f 1304/1304/1304 1305/1305/1305 1306/1306/1306
f 1307/1307/1307 1308/1308/1308 1309/1309/1309
f 1310/1310/1310 1311/1311/1311 1312/1312/1312
f 1313/1313/1313 1314/1314/1314 1315/1315/1315 1316/1316/1316
f 1317/1317/1317 1318/1318/1318 1319/1319/1319 1320/1320/1320
f 1321/1321/1321 1322/1322/1322 1323/1323/1323 1324/1324/1324
f 1325/1325/1325 1326/1326/1326 1327/1327/1327 1328/1328/1328
#block begin
o 47_plecy
g 47_plecy
v 0.116000004030181 1.48815850583097 0.100863920077464
v 0.404298551298095 2.96101085511228 0.100863920077467
v 0.404298551298095 1.48815850583097 0.100863920077467
v 0.404298551298095 2.96101085511228 0.100863920077467
v 0.116000004030181 1.48815850583097 0.100863920077464
v 0.116000004030181 2.96101085511228 0.100863920077464
v 0.116000004030181 2.96101085511228 0.116767625808499
v 0.404298551298095 1.48815850583097 0.116767625808501
v 0.404298551298095 2.96101085511228 0.116767625808501
v 0.404298551298095 1.48815850583097 0.116767625808501
v 0.116000004030181 2.96101085511228 0.116767625808499
v 0.116000004030181 1.48815850583097 0.116767625808499
v 0.404298551298095 1.48815850583097 0.116767625808501
v 0.116000004030181 1.48815850583097 0.116767625808499
v 0.116000004030181 1.48815850583097 0.100863920077464
v 0.404298551298095 1.48815850583097 0.100863920077467
v 0.116000004030181 1.48815850583097 0.116767625808499
v 0.116000004030181 2.96101085511228 0.116767625808499
v 0.116000004030181 2.96101085511228 0.100863920077464
v 0.116000004030181 1.48815850583097 0.100863920077464
v 0.116000004030181 2.96101085511228 0.116767625808499
v 0.404298551298095 2.96101085511228 0.116767625808501
v 0.404298551298095 2.96101085511228 0.100863920077467
v 0.116000004030181 2.96101085511228 0.100863920077464
v 0.404298551298095 2.96101085511228 0.116767625808501
v 0.404298551298095 1.48815850583097 0.116767625808501
v 0.404298551298095 1.48815850583097 0.100863920077467
v 0.404298551298095 2.96101085511228 0.100863920077467
vn 9.08607553403192E-015 0 -1
vn 9.08607553403192E-015 0 -1
vn 9.08607553403192E-015 0 -1
vn 9.08607553403192E-015 0 -1
vn 9.08607553403192E-015 0 -1
vn 9.08607553403192E-015 0 -1
vn -9.08607553403192E-015 0 1
vn -9.08607553403192E-015 0 1
vn -9.08607553403192E-015 0 1
vn -9.08607553403192E-015 0 1
vn -9.08607553403192E-015 0 1
vn -9.08607553403192E-015 0 1
vn 0 -1 0
vn 0 -1 0
vn 0 -1 0
vn 0 -1 0
vn -1 0 0
vn -1 0 0
vn -1 0 0
vn -1 0 0
vn 0 1 0
vn 0 1 0
vn 0 1 0
vn 0 1 0
vn 1 0 0
vn 1 0 0
vn 1 0 0
vn 1 0 0
vt -1 -6.07340168683646E-017
vt -3.59571574777503E-017 -1
vt -1 -0.999999999999999
vt -3.59571574777503E-017 -1
vt -1 -6.07340168683646E-017
vt 0 -9.99200722162641E-016
vt 3.59571574777503E-017 -9.99200722162641E-016
vt -1 -0.999999999999999
vt 0 -1
vt -1 -0.999999999999999
vt 3.59571574777503E-017 -9.99200722162641E-016
vt -1 -1.11022302462516E-016
vt -3.27515792264421E-015 -1
vt 5.48575850429991E-017 0
vt -0.999999999999997 0
vt -1 -1
vt -1.69864122767649E-014 -1
vt 2.58870204901602E-017 0
vt -0.999999999999983 0
vt -1 -1
vt -3.27515792264421E-015 -1
vt 5.48575850429991E-017 0
vt -0.999999999999997 0
vt -1 -1
vt -1.69864122767649E-014 -1
vt 2.58870204901602E-017 0
vt -0.999999999999983 0
vt -1 -1
usemtl material_3
f 1329/1329/1329 1330/1330/1330 1331/1331/1331
f 1332/1332/1332 1333/1333/1333 1334/1334/1334
f 1335/1335/1335 1336/1336/1336 1337/1337/1337
f 1338/1338/1338 1339/1339/1339 1340/1340/1340
f 1341/1341/1341 1342/1342/1342 1343/1343/1343 1344/1344/1344
f 1345/1345/1345 1346/1346/1346 1347/1347/1347 1348/1348/1348
f 1349/1349/1349 1350/1350/1350 1351/1351/1351 1352/1352/1352
f 1353/1353/1353 1354/1354/1354 1355/1355/1355 1356/1356/1356
#block begin
o 48_bok
g 48_bok
v 0.116000000379979 1.48815847508128 0.10001164112628
v 0.116000000379979 2.97700000874217 0.616966659169798
v 0.116000000379979 1.48815847508128 0.616966659169798
v 0.116000000379979 2.97700000874217 0.616966659169798
v 0.116000000379979 1.48815847508128 0.10001164112628
v 0.116000000379979 2.97700000874217 0.10001164112628
v 0.0999999996200199 2.97700000874217 0.10001164112628
v 0.0999999996200199 1.48815847508128 0.616966659169798
v 0.0999999996200199 2.97700000874217 0.616966659169798
v 0.0999999996200199 1.48815847508128 0.616966659169798
v 0.0999999996200199 2.97700000874217 0.10001164112628
v 0.0999999996200199 1.48815847508128 0.10001164112628
v 0.0999999996200199 1.48815847508128 0.616966659169798
v 0.0999999996200199 1.48815847508128 0.10001164112628
v 0.116000000379979 1.48815847508128 0.10001164112628
v 0.116000000379979 1.48815847508128 0.616966659169798
v 0.0999999996200199 1.48815847508128 0.10001164112628
v 0.0999999996200199 2.97700000874217 0.10001164112628
v 0.116000000379979 2.97700000874217 0.10001164112628
v 0.116000000379979 1.48815847508128 0.10001164112628
v 0.0999999996200199 2.97700000874217 0.10001164112628
v 0.0999999996200199 2.97700000874217 0.616966659169798
v 0.116000000379979 2.97700000874217 0.616966659169798
v 0.116000000379979 2.97700000874217 0.10001164112628
v 0.0999999996200199 2.97700000874217 0.616966659169798
v 0.0999999996200199 1.48815847508128 0.616966659169798
v 0.116000000379979 1.48815847508128 0.616966659169798
v 0.116000000379979 2.97700000874217 0.616966659169798
vn 1 0 0
vn 1 0 0
vn 1 0 0
vn 1 0 0
vn 1 0 0
vn 1 0 0
vn -1 0 0
vn -1 0 0
vn -1 0 0
vn -1 0 0
vn -1 0 0
vn -1 0 0
vn 0 -1 0
vn 0 -1 0
vn 0 -1 0
vn 0 -1 0
vn 0 0 -1
vn 0 0 -1
vn 0 0 -1
vn 0 0 -1
vn 0 1 0
vn 0 1 0
vn 0 1 0
vn 0 1 0
vn 0 0 1
vn 0 0 1
vn 0 0 1
vn 0 0 1
vt -1 1.4047327487272E-016
vt -6.37832153019843E-017 -1
vt -1 -0.999999999999999
vt -6.37832153019843E-017 -1
vt -1 1.4047327487272E-016
vt 0 -3.88578058618805E-016
vt 6.37832153019843E-017 -4.44089209850063E-016
vt -1 -0.999999999999999
vt 0 -1
vt -1 -0.999999999999999
vt 6.37832153019843E-017 -4.44089209850063E-016
vt -1 0
vt -5.82867087928207E-015 -1
vt 1.06522806769493E-016 0
vt -0.999999999999994 0
vt -1 -1
vt -1.71529457304587E-014 -1
vt -5.94613814897584E-017 0
vt -0.999999999999983 0
vt -1 -1
vt -5.82867087928207E-015 -1
vt 1.06522806769493E-016 0
vt -0.999999999999994 0
vt -1 -1
vt -1.71529457304587E-014 -1
vt -5.94613814897584E-017 0
vt -0.999999999999983 0
vt -1 -1
usemtl material_3
f 1357/1357/1357 1358/1358/1358 1359/1359/1359
f 1360/1360/1360 1361/1361/1361 1362/1362/1362
f 1363/1363/1363 1364/1364/1364 1365/1365/1365
f 1366/1366/1366 1367/1367/1367 1368/1368/1368
f 1369/1369/1369 1370/1370/1370 1371/1371/1371 1372/1372/1372
f 1373/1373/1373 1374/1374/1374 1375/1375/1375 1376/1376/1376
f 1377/1377/1377 1378/1378/1378 1379/1379/1379 1380/1380/1380
f 1381/1381/1381 1382/1382/1382 1383/1383/1383 1384/1384/1384
#block begin
o 49_listwa
g 49_listwa
v 0.115985178197875 2.96102602783006 0.616886539807484
v 0.404294901336684 2.96102602783006 0.100000007500817
v 0.404294901336684 2.96102602783006 0.616886539807488
v 0.404294901336684 2.96102602783006 0.100000007500817
v 0.115985178197875 2.96102602783006 0.616886539807484
v 0.115985178197875 2.96102602783006 0.100000007500813
v 0.115985178197875 2.97699999998671 0.100000007500813
v 0.404294901336684 2.97699999998671 0.616886539807488
v 0.404294901336684 2.97699999998671 0.100000007500817
v 0.404294901336684 2.97699999998671 0.616886539807488
v 0.115985178197875 2.97699999998671 0.100000007500813
v 0.115985178197875 2.97699999998671 0.616886539807484
v 0.404294901336684 2.97699999998671 0.616886539807488
v 0.115985178197875 2.97699999998671 0.616886539807484
v 0.115985178197875 2.96102602783006 0.616886539807484
v 0.404294901336684 2.96102602783006 0.616886539807488
v 0.115985178197875 2.97699999998671 0.616886539807484
v 0.115985178197875 2.97699999998671 0.100000007500813
v 0.115985178197875 2.96102602783006 0.100000007500813
v 0.115985178197875 2.96102602783006 0.616886539807484
v 0.115985178197875 2.97699999998671 0.100000007500813
v 0.404294901336684 2.97699999998671 0.100000007500817
v 0.404294901336684 2.96102602783006 0.100000007500817
v 0.115985178197875 2.96102602783006 0.100000007500813
v 0.404294901336684 2.97699999998671 0.100000007500817
v 0.404294901336684 2.97699999998671 0.616886539807488
v 0.404294901336684 2.96102602783006 0.616886539807488
v 0.404294901336684 2.96102602783006 0.100000007500817
vn 0 -1 0
vn 0 -1 0
vn 0 -1 0
vn 0 -1 0
vn 0 -1 0
vn 0 -1 0
vn 0 1 0
vn 0 1 0
vn 0 1 0
vn 0 1 0
vn 0 1 0
vn 0 1 0
vn -1.33816753975221E-014 0 1
vn -1.33816753975221E-014 0 1
vn -1.33816753975221E-014 0 1
vn -1.33816753975221E-014 0 1
vn -1 0 0
vn -1 0 0
vn -1 0 0
vn -1 0 0
vn 1.33816753975221E-014 0 -1
vn 1.33816753975221E-014 0 -1
vn 1.33816753975221E-014 0 -1
vn 1.33816753975221E-014 0 -1
vn 1 0 0
vn 1 0 0
vn 1 0 0
vn 1 0 0
vt 0 -1
vt -1 0
vt 0 -1.11022302462516E-016
vt -1 0
vt 0 -1
vt -1 -1
vt -1 -1
vt 0 -1.09778374315315E-016
vt -1 0
vt 0 -1.09778374315315E-016
vt -1 -1
vt 0 -1
vt -0.999999999999999 0
vt -1 -1
vt -1.11022302462516E-015 -1
vt 0 -3.39261431113768E-018
vt -0.999999999999998 0
vt -1 -1
vt -1.88737914186277E-015 -1
vt 1.11022302462516E-016 -1.89233730358523E-018
vt -0.999999999999999 0
vt -1 -1
vt -1.11022302462516E-015 -1
vt 0 -3.39261431113768E-018
vt -0.999999999999998 0
vt -1 -1
vt -1.88737914186277E-015 -1
vt 1.11022302462516E-016 -1.89233730358523E-018
usemtl material_3
f 1385/1385/1385 1386/1386/1386 1387/1387/1387
f 1388/1388/1388 1389/1389/1389 1390/1390/1390
f 1391/1391/1391 1392/1392/1392 1393/1393/1393
f 1394/1394/1394 1395/1395/1395 1396/1396/1396
f 1397/1397/1397 1398/1398/1398 1399/1399/1399 1400/1400/1400
f 1401/1401/1401 1402/1402/1402 1403/1403/1403 1404/1404/1404
f 1405/1405/1405 1406/1406/1406 1407/1407/1407 1408/1408/1408
f 1409/1409/1409 1410/1410/1410 1411/1411/1411 1412/1412/1412
#block begin
o 50_bok
g 50_bok
v 0.404298551298097 1.48815848344347 0.116767613554157
v 0.404298551298092 1.50415848420343 0.617000012064137
v 0.404298551298092 1.48815848344347 0.617000012064137
v 0.404298551298092 1.50415848420343 0.617000012064137
v 0.404298551298097 1.48815848344347 0.116767613554157
v 0.404298551298097 1.50415848420343 0.116767613554157
v 0.116000004030184 1.50415848420343 0.116767613554157
v 0.116000004030178 1.48815848344347 0.617000012064137
v 0.116000004030178 1.50415848420343 0.617000012064137
v 0.116000004030178 1.48815848344347 0.617000012064137
v 0.116000004030184 1.50415848420343 0.116767613554157
v 0.116000004030184 1.48815848344347 0.116767613554157
v 0.116000004030178 1.48815848344347 0.617000012064137
v 0.116000004030184 1.48815848344347 0.116767613554157
v 0.404298551298097 1.48815848344347 0.116767613554157
v 0.404298551298092 1.48815848344347 0.617000012064137
v 0.116000004030184 1.48815848344347 0.116767613554157
v 0.116000004030184 1.50415848420343 0.116767613554157
v 0.404298551298097 1.50415848420343 0.116767613554157
v 0.404298551298097 1.48815848344347 0.116767613554157
v 0.116000004030184 1.50415848420343 0.116767613554157
v 0.116000004030178 1.50415848420343 0.617000012064137
v 0.404298551298092 1.50415848420343 0.617000012064137
v 0.404298551298097 1.50415848420343 0.116767613554157
v 0.116000004030178 1.50415848420343 0.617000012064137
v 0.116000004030178 1.48815848344347 0.617000012064137
v 0.404298551298092 1.48815848344347 0.617000012064137
v 0.404298551298092 1.50415848420343 0.617000012064137
vn 1 0 1.14107169169594E-014
vn 1 0 1.14107169169594E-014
vn 1 0 1.14107169169594E-014
vn 1 0 1.14107169169594E-014
vn 1 0 1.14107169169594E-014
vn 1 0 1.14107169169594E-014
vn -1 0 -1.14107169169594E-014
vn -1 0 -1.14107169169594E-014
vn -1 0 -1.14107169169594E-014
vn -1 0 -1.14107169169594E-014
vn -1 0 -1.14107169169594E-014
vn -1 0 -1.14107169169594E-014
vn 0 -1 0
vn 0 -1 0
vn 0 -1 0
vn 0 -1 0
vn 0 0 -1
vn 0 0 -1
vn 0 0 -1
vn 0 0 -1
vn 0 1 0
vn 0 1 0
vn 0 1 0
vn 0 1 0
vn 0 0 1
vn 0 0 1
vn 0 0 1
vn 0 0 1
vt -0.999999999999994 5.87557397017032E-018
vt -5.74319977609156E-015 -1
vt -1 -1
vt -5.74319977609156E-015 -1
vt -0.999999999999994 5.87557397017032E-018
vt 0 0
vt 8.10623505032626E-017 0
vt -1 -1
vt -5.6621374255883E-015 -1
vt -1 -1
vt 8.10623505032626E-017 0
vt -0.999999999999994 0
vt -3.88578058618805E-016 -1
vt -6.98418224526766E-017 0
vt -1 0
vt -1 -1
vt 0 -1
vt 1.01948215266184E-017 -3.33066907387547E-015
vt -1 0
vt -1 -0.999999999999997
vt -3.88578058618805E-016 -1
vt -6.98418224526766E-017 0
vt -1 0
vt -1 -1
vt 0 -1
vt 1.01948215266184E-017 -3.33066907387547E-015
vt -1 0
vt -1 -0.999999999999997
usemtl material_3
f 1413/1413/1413 1414/1414/1414 1415/1415/1415
f 1416/1416/1416 1417/1417/1417 1418/1418/1418
f 1419/1419/1419 1420/1420/1420 1421/1421/1421
f 1422/1422/1422 1423/1423/1423 1424/1424/1424
f 1425/1425/1425 1426/1426/1426 1427/1427/1427 1428/1428/1428
f 1429/1429/1429 1430/1430/1430 1431/1431/1431 1432/1432/1432
f 1433/1433/1433 1434/1434/1434 1435/1435/1435 1436/1436/1436
f 1437/1437/1437 1438/1438/1438 1439/1439/1439 1440/1440/1440
#block begin
o 51_
g 51_
v 4.37600001049042 0.170000000655652 0.516000002980232
v 3.77924998950958 0.17000000065565 0.115999997019768
v 3.77924998950958 0.170000000655652 0.516000002980232
v 3.77924998950958 0.17000000065565 0.115999997019768
v 4.37600001049042 0.170000000655652 0.516000002980232
v 4.37600001049042 0.17000000065565 0.115999997019768
v 4.37600001049042 0.411999999344348 0.115999997019768
v 3.77924998950958 0.41199999934435 0.516000002980232
v 3.77924998950958 0.411999999344348 0.115999997019768
v 3.77924998950958 0.41199999934435 0.516000002980232
v 4.37600001049042 0.411999999344348 0.115999997019768
v 4.37600001049042 0.41199999934435 0.516000002980232
v 3.77924998950958 0.41199999934435 0.516000002980232
v 4.37600001049042 0.41199999934435 0.516000002980232
v 4.37600001049042 0.170000000655652 0.516000002980232
v 3.77924998950958 0.170000000655652 0.516000002980232
v 4.37600001049042 0.41199999934435 0.516000002980232
v 4.37600001049042 0.411999999344348 0.115999997019768
v 4.37600001049042 0.17000000065565 0.115999997019768
v 4.37600001049042 0.170000000655652 0.516000002980232
v 4.37600001049042 0.411999999344348 0.115999997019768
v 3.77924998950958 0.411999999344348 0.115999997019768
v 3.77924998950958 0.17000000065565 0.115999997019768
v 4.37600001049042 0.17000000065565 0.115999997019768
v 3.77924998950958 0.411999999344348 0.115999997019768
v 3.77924998950958 0.41199999934435 0.516000002980232
v 3.77924998950958 0.170000000655652 0.516000002980232
v 3.77924998950958 0.17000000065565 0.115999997019768
vn 0 -1 4.93940875656095E-015
vn 0 -1 4.93940875656095E-015
vn 0 -1 4.93940875656095E-015
vn 0 -1 4.93940875656095E-015
vn 0 -1 4.93940875656095E-015
vn 0 -1 4.93940875656095E-015
vn 0 1 -4.93940875656095E-015
vn 0 1 -4.93940875656095E-015
vn 0 1 -4.93940875656095E-015
vn 0 1 -4.93940875656095E-015
vn 0 1 -4.93940875656095E-015
vn 0 1 -4.93940875656095E-015
vn 0 0 1
vn 0 0 1
vn 0 0 1
vn 0 0 1
vn 1 0 0
vn 1 0 0
vn 1 0 0
vn 1 0 0
vn 0 0 -1
vn 0 0 -1
vn 0 0 -1
vn 0 0 -1
vn -1 0 0
vn -1 0 0
vn -1 0 0
vn -1 0 0
vt 0 -1
vt -1 0
vt -1 -1
vt -1 0
vt 0 -1
vt 0 0
vt 0 0
vt -1 -1
vt -1 0
vt -1 -1
vt 0 0
vt 0 -1
vt -1 -5.55111512312578E-017
vt 0 -5.55111512312578E-017
vt 0 -1
vt -1 -1
vt -1 -5.55111512312578E-017
vt 0 -5.55111512312578E-017
vt 0 -1
vt -1 -1
vt -1 -5.55111512312578E-017
vt 0 -5.55111512312578E-017
vt 0 -1
vt -1 -1
vt -1 -5.55111512312578E-017
vt 0 -5.55111512312578E-017
vt 0 -1
vt -1 -1
usemtl material_2
f 1443/1443/1443 1442/1442/1442 1441/1441/1441
f 1446/1446/1446 1445/1445/1445 1444/1444/1444
f 1449/1449/1449 1448/1448/1448 1447/1447/1447
f 1452/1452/1452 1451/1451/1451 1450/1450/1450
f 1456/1456/1456 1455/1455/1455 1454/1454/1454 1453/1453/1453
f 1460/1460/1460 1459/1459/1459 1458/1458/1458 1457/1457/1457
f 1464/1464/1464 1463/1463/1463 1462/1462/1462 1461/1461/1461
f 1468/1468/1468 1467/1467/1467 1466/1466/1466 1465/1465/1465
#block begin
o 52_
g 52_
v 1.98900000037998 0.170000000655652 0.516000002980232
v 1.97299999962002 0.17000000065565 0.115999997019768
v 1.97299999962002 0.170000000655652 0.516000002980232
v 1.97299999962002 0.17000000065565 0.115999997019768
v 1.98900000037998 0.170000000655652 0.516000002980232
v 1.98900000037998 0.17000000065565 0.115999997019768
v 1.98900000037998 0.411999999344348 0.115999997019768
v 1.97299999962002 0.41199999934435 0.516000002980232
v 1.97299999962002 0.411999999344348 0.115999997019768
v 1.97299999962002 0.41199999934435 0.516000002980232
v 1.98900000037998 0.411999999344348 0.115999997019768
v 1.98900000037998 0.41199999934435 0.516000002980232
v 1.97299999962002 0.41199999934435 0.516000002980232
v 1.98900000037998 0.41199999934435 0.516000002980232
v 1.98900000037998 0.170000000655652 0.516000002980232
v 1.97299999962002 0.170000000655652 0.516000002980232
v 1.98900000037998 0.41199999934435 0.516000002980232
v 1.98900000037998 0.411999999344348 0.115999997019768
v 1.98900000037998 0.17000000065565 0.115999997019768
v 1.98900000037998 0.170000000655652 0.516000002980232
v 1.98900000037998 0.411999999344348 0.115999997019768
v 1.97299999962002 0.411999999344348 0.115999997019768
v 1.97299999962002 0.17000000065565 0.115999997019768
v 1.98900000037998 0.17000000065565 0.115999997019768
v 1.97299999962002 0.411999999344348 0.115999997019768
v 1.97299999962002 0.41199999934435 0.516000002980232
v 1.97299999962002 0.170000000655652 0.516000002980232
v 1.97299999962002 0.17000000065565 0.115999997019768
vn 0 -1 4.93940875656095E-015
vn 0 -1 4.93940875656095E-015
vn 0 -1 4.93940875656095E-015
vn 0 -1 4.93940875656095E-015
vn 0 -1 4.93940875656095E-015
vn 0 -1 4.93940875656095E-015
vn 0 1 -4.93940875656095E-015
vn 0 1 -4.93940875656095E-015
vn 0 1 -4.93940875656095E-015
vn 0 1 -4.93940875656095E-015
vn 0 1 -4.93940875656095E-015
vn 0 1 -4.93940875656095E-015
vn 0 0 1
vn 0 0 1
vn 0 0 1
vn 0 0 1
vn 1 0 0
vn 1 0 0
vn 1 0 0
vn 1 0 0
vn 0 0 -1
vn 0 0 -1
vn 0 0 -1
vn 0 0 -1
vn -1 0 0
vn -1 0 0
vn -1 0 0
vn -1 0 0
vt 0 -1
vt -1 0
vt -1 -1
vt -1 0
vt 0 -1
vt 0 0
vt 0 0
vt -1 -1
vt -1 0
vt -1 -1
vt 0 0
vt 0 -1
vt -1 0
vt 0 0
vt 0 -1
vt -1 -1
vt -1 0
vt 0 0
vt 0 -1
vt -1 -1
vt -1 0
vt 0 0
vt 0 -1
vt -1 -1
vt -1 0
vt 0 0
vt 0 -1
vt -1 -1
usemtl material_2
f 1471/1471/1471 1470/1470/1470 1469/1469/1469
f 1474/1474/1474 1473/1473/1473 1472/1472/1472
f 1477/1477/1477 1476/1476/1476 1475/1475/1475
f 1480/1480/1480 1479/1479/1479 1478/1478/1478
f 1484/1484/1484 1483/1483/1483 1482/1482/1482 1481/1481/1481
f 1488/1488/1488 1487/1487/1487 1486/1486/1486 1485/1485/1485
f 1492/1492/1492 1491/1491/1491 1490/1490/1490 1489/1489/1489
f 1496/1496/1496 1495/1495/1495 1494/1494/1494 1493/1493/1493
#block begin
o 53_
g 53_
v 4.39200000037998 0.170000000655652 0.516000002980232
v 4.37599999962002 0.17000000065565 0.115999997019768
v 4.37599999962002 0.170000000655652 0.516000002980232
v 4.37599999962002 0.17000000065565 0.115999997019768
v 4.39200000037998 0.170000000655652 0.516000002980232
v 4.39200000037998 0.17000000065565 0.115999997019768
v 4.39200000037998 0.411999999344348 0.115999997019768
v 4.37599999962002 0.41199999934435 0.516000002980232
v 4.37599999962002 0.411999999344348 0.115999997019768
v 4.37599999962002 0.41199999934435 0.516000002980232
v 4.39200000037998 0.411999999344348 0.115999997019768
v 4.39200000037998 0.41199999934435 0.516000002980232
v 4.37599999962002 0.41199999934435 0.516000002980232
v 4.39200000037998 0.41199999934435 0.516000002980232
v 4.39200000037998 0.170000000655652 0.516000002980232
v 4.37599999962002 0.170000000655652 0.516000002980232
v 4.39200000037998 0.41199999934435 0.516000002980232
v 4.39200000037998 0.411999999344348 0.115999997019768
v 4.39200000037998 0.17000000065565 0.115999997019768
v 4.39200000037998 0.170000000655652 0.516000002980232
v 4.39200000037998 0.411999999344348 0.115999997019768
v 4.37599999962002 0.411999999344348 0.115999997019768
v 4.37599999962002 0.17000000065565 0.115999997019768
v 4.39200000037998 0.17000000065565 0.115999997019768
v 4.37599999962002 0.411999999344348 0.115999997019768
v 4.37599999962002 0.41199999934435 0.516000002980232
v 4.37599999962002 0.170000000655652 0.516000002980232
v 4.37599999962002 0.17000000065565 0.115999997019768
vn 0 -1 4.93940875656095E-015
vn 0 -1 4.93940875656095E-015
vn 0 -1 4.93940875656095E-015
vn 0 -1 4.93940875656095E-015
vn 0 -1 4.93940875656095E-015
vn 0 -1 4.93940875656095E-015
vn 0 1 -4.93940875656095E-015
vn 0 1 -4.93940875656095E-015
vn 0 1 -4.93940875656095E-015
vn 0 1 -4.93940875656095E-015
vn 0 1 -4.93940875656095E-015
vn 0 1 -4.93940875656095E-015
vn 0 0 1
vn 0 0 1
vn 0 0 1
vn 0 0 1
vn 1 0 0
vn 1 0 0
vn 1 0 0
vn 1 0 0
vn 0 0 -1
vn 0 0 -1
vn 0 0 -1
vn 0 0 -1
vn -1 0 0
vn -1 0 0
vn -1 0 0
vn -1 0 0
vt 0 -1
vt -1 0
vt -1 -1
vt -1 0
vt 0 -1
vt 0 0
vt 0 0
vt -1 -1
vt -1 0
vt -1 -1
vt 0 0
vt 0 -1
vt -1 0
vt 0 0
vt 0 -1
vt -1 -1
vt -1 0
vt 0 0
vt 0 -1
vt -1 -1
vt -1 0
vt 0 0
vt 0 -1
vt -1 -1
vt -1 0
vt 0 0
vt 0 -1
vt -1 -1
usemtl material_2
f 1499/1499/1499 1498/1498/1498 1497/1497/1497
f 1502/1502/1502 1501/1501/1501 1500/1500/1500
f 1505/1505/1505 1504/1504/1504 1503/1503/1503
f 1508/1508/1508 1507/1507/1507 1506/1506/1506
f 1512/1512/1512 1511/1511/1511 1510/1510/1510 1509/1509/1509
f 1516/1516/1516 1515/1515/1515 1514/1514/1514 1513/1513/1513
f 1520/1520/1520 1519/1519/1519 1518/1518/1518 1517/1517/1517
f 1524/1524/1524 1523/1523/1523 1522/1522/1522 1521/1521/1521
#block begin
o 54_
g 54_
v 3.77925001049041 0.170000000655652 0.516000002980232
v 3.18249998950958 0.17000000065565 0.115999997019768
v 3.18249998950958 0.170000000655652 0.516000002980232
v 3.18249998950958 0.17000000065565 0.115999997019768
v 3.77925001049041 0.170000000655652 0.516000002980232
v 3.77925001049041 0.17000000065565 0.115999997019768
v 3.77925001049041 0.411999999344348 0.115999997019768
v 3.18249998950958 0.41199999934435 0.516000002980232
v 3.18249998950958 0.411999999344348 0.115999997019768
v 3.18249998950958 0.41199999934435 0.516000002980232
v 3.77925001049041 0.411999999344348 0.115999997019768
v 3.77925001049041 0.41199999934435 0.516000002980232
v 3.18249998950958 0.41199999934435 0.516000002980232
v 3.77925001049041 0.41199999934435 0.516000002980232
v 3.77925001049041 0.170000000655652 0.516000002980232
v 3.18249998950958 0.170000000655652 0.516000002980232
v 3.77925001049041 0.41199999934435 0.516000002980232
v 3.77925001049041 0.411999999344348 0.115999997019768
v 3.77925001049041 0.17000000065565 0.115999997019768
v 3.77925001049041 0.170000000655652 0.516000002980232
v 3.77925001049041 0.411999999344348 0.115999997019768
v 3.18249998950958 0.411999999344348 0.115999997019768
v 3.18249998950958 0.17000000065565 0.115999997019768
v 3.77925001049041 0.17000000065565 0.115999997019768
v 3.18249998950958 0.411999999344348 0.115999997019768
v 3.18249998950958 0.41199999934435 0.516000002980232
v 3.18249998950958 0.170000000655652 0.516000002980232
v 3.18249998950958 0.17000000065565 0.115999997019768
vn 0 -1 4.93940875656095E-015
vn 0 -1 4.93940875656095E-015
vn 0 -1 4.93940875656095E-015
vn 0 -1 4.93940875656095E-015
vn 0 -1 4.93940875656095E-015
vn 0 -1 4.93940875656095E-015
vn 0 1 -4.93940875656095E-015
vn 0 1 -4.93940875656095E-015
vn 0 1 -4.93940875656095E-015
vn 0 1 -4.93940875656095E-015
vn 0 1 -4.93940875656095E-015
vn 0 1 -4.93940875656095E-015
vn 0 0 1
vn 0 0 1
vn 0 0 1
vn 0 0 1
vn 1 0 0
vn 1 0 0
vn 1 0 0
vn 1 0 0
vn 0 0 -1
vn 0 0 -1
vn 0 0 -1
vn 0 0 -1
vn -1 0 0
vn -1 0 0
vn -1 0 0
vn -1 0 0
vt 0 -1
vt -1 0
vt -1 -1
vt -1 0
vt 0 -1
vt 0 0
vt 0 0
vt -1 -1
vt -1 0
vt -1 -1
vt 0 0
vt 0 -1
vt -1 -5.55111512312578E-017
vt 0 -5.55111512312578E-017
vt 0 -1
vt -1 -1
vt -1 -5.55111512312578E-017
vt 0 -5.55111512312578E-017
vt 0 -1
vt -1 -1
vt -1 -5.55111512312578E-017
vt 0 -5.55111512312578E-017
vt 0 -1
vt -1 -1
vt -1 -5.55111512312578E-017
vt 0 -5.55111512312578E-017
vt 0 -1
vt -1 -1
usemtl material_2
f 1527/1527/1527 1526/1526/1526 1525/1525/1525
f 1530/1530/1530 1529/1529/1529 1528/1528/1528
f 1533/1533/1533 1532/1532/1532 1531/1531/1531
f 1536/1536/1536 1535/1535/1535 1534/1534/1534
f 1540/1540/1540 1539/1539/1539 1538/1538/1538 1537/1537/1537
f 1544/1544/1544 1543/1543/1543 1542/1542/1542 1541/1541/1541
f 1548/1548/1548 1547/1547/1547 1546/1546/1546 1545/1545/1545
f 1552/1552/1552 1551/1551/1551 1550/1550/1550 1549/1549/1549
#block begin
o 55_
g 55_
v 3.18250001049042 0.170000000655652 0.516000002980232
v 2.58574998950958 0.17000000065565 0.115999997019768
v 2.58574998950958 0.170000000655652 0.516000002980232
v 2.58574998950958 0.17000000065565 0.115999997019768
v 3.18250001049042 0.170000000655652 0.516000002980232
v 3.18250001049042 0.17000000065565 0.115999997019768
v 3.18250001049042 0.411999999344348 0.115999997019768
v 2.58574998950958 0.41199999934435 0.516000002980232
v 2.58574998950958 0.411999999344348 0.115999997019768
v 2.58574998950958 0.41199999934435 0.516000002980232
v 3.18250001049042 0.411999999344348 0.115999997019768
v 3.18250001049042 0.41199999934435 0.516000002980232
v 2.58574998950958 0.41199999934435 0.516000002980232
v 3.18250001049042 0.41199999934435 0.516000002980232
v 3.18250001049042 0.170000000655652 0.516000002980232
v 2.58574998950958 0.170000000655652 0.516000002980232
v 3.18250001049042 0.41199999934435 0.516000002980232
v 3.18250001049042 0.411999999344348 0.115999997019768
v 3.18250001049042 0.17000000065565 0.115999997019768
v 3.18250001049042 0.170000000655652 0.516000002980232
v 3.18250001049042 0.411999999344348 0.115999997019768
v 2.58574998950958 0.411999999344348 0.115999997019768
v 2.58574998950958 0.17000000065565 0.115999997019768
v 3.18250001049042 0.17000000065565 0.115999997019768
v 2.58574998950958 0.411999999344348 0.115999997019768
v 2.58574998950958 0.41199999934435 0.516000002980232
v 2.58574998950958 0.170000000655652 0.516000002980232
v 2.58574998950958 0.17000000065565 0.115999997019768
vn 0 -1 4.93940875656095E-015
vn 0 -1 4.93940875656095E-015
vn 0 -1 4.93940875656095E-015
vn 0 -1 4.93940875656095E-015
vn 0 -1 4.93940875656095E-015
vn 0 -1 4.93940875656095E-015
vn 0 1 -4.93940875656095E-015
vn 0 1 -4.93940875656095E-015
vn 0 1 -4.93940875656095E-015
vn 0 1 -4.93940875656095E-015
vn 0 1 -4.93940875656095E-015
vn 0 1 -4.93940875656095E-015
vn 0 0 1
vn 0 0 1
vn 0 0 1
vn 0 0 1
vn 1 0 0
vn 1 0 0
vn 1 0 0
vn 1 0 0
vn 0 0 -1
vn 0 0 -1
vn 0 0 -1
vn 0 0 -1
vn -1 0 0
vn -1 0 0
vn -1 0 0
vn -1 0 0
vt -1.11022302462516E-016 -1
vt -1 0
vt -1 -1
vt -1 0
vt -1.11022302462516E-016 -1
vt -1.11022302462516E-016 0
vt -5.55111512312578E-017 0
vt -1 -1
vt -1 0
vt -1 -1
vt -5.55111512312578E-017 0
vt -5.55111512312578E-017 -1
vt -1 0
vt -1.11022302462516E-016 0
vt -1.11022302462516E-016 -1
vt -1 -1
vt -1 0
vt 0 0
vt 0 -1
vt -1 -1
vt -1 0
vt -1.11022302462516E-016 0
vt -1.11022302462516E-016 -1
vt -1 -1
vt -1 0
vt 0 0
vt 0 -1
vt -1 -1
usemtl material_2
f 1555/1555/1555 1554/1554/1554 1553/1553/1553
f 1558/1558/1558 1557/1557/1557 1556/1556/1556
f 1561/1561/1561 1560/1560/1560 1559/1559/1559
f 1564/1564/1564 1563/1563/1563 1562/1562/1562
f 1568/1568/1568 1567/1567/1567 1566/1566/1566 1565/1565/1565
f 1572/1572/1572 1571/1571/1571 1570/1570/1570 1569/1569/1569
f 1576/1576/1576 1575/1575/1575 1574/1574/1574 1573/1573/1573
f 1580/1580/1580 1579/1579/1579 1578/1578/1578 1577/1577/1577
#block begin
o 56_
g 56_
v 2.58575001049042 0.170000000655652 0.516000002980232
v 1.98899998950958 0.17000000065565 0.115999997019768
v 1.98899998950958 0.170000000655652 0.516000002980232
v 1.98899998950958 0.17000000065565 0.115999997019768
v 2.58575001049042 0.170000000655652 0.516000002980232
v 2.58575001049042 0.17000000065565 0.115999997019768
v 2.58575001049042 0.411999999344348 0.115999997019768
v 1.98899998950958 0.41199999934435 0.516000002980232
v 1.98899998950958 0.411999999344348 0.115999997019768
v 1.98899998950958 0.41199999934435 0.516000002980232
v 2.58575001049042 0.411999999344348 0.115999997019768
v 2.58575001049042 0.41199999934435 0.516000002980232
v 1.98899998950958 0.41199999934435 0.516000002980232
v 2.58575001049042 0.41199999934435 0.516000002980232
v 2.58575001049042 0.170000000655652 0.516000002980232
v 1.98899998950958 0.170000000655652 0.516000002980232
v 2.58575001049042 0.41199999934435 0.516000002980232
v 2.58575001049042 0.411999999344348 0.115999997019768
v 2.58575001049042 0.17000000065565 0.115999997019768
v 2.58575001049042 0.170000000655652 0.516000002980232
v 2.58575001049042 0.411999999344348 0.115999997019768
v 1.98899998950958 0.411999999344348 0.115999997019768
v 1.98899998950958 0.17000000065565 0.115999997019768
v 2.58575001049042 0.17000000065565 0.115999997019768
v 1.98899998950958 0.411999999344348 0.115999997019768
v 1.98899998950958 0.41199999934435 0.516000002980232
v 1.98899998950958 0.170000000655652 0.516000002980232
v 1.98899998950958 0.17000000065565 0.115999997019768
vn 0 -1 4.93940875656095E-015
vn 0 -1 4.93940875656095E-015
vn 0 -1 4.93940875656095E-015
vn 0 -1 4.93940875656095E-015
vn 0 -1 4.93940875656095E-015
vn 0 -1 4.93940875656095E-015
vn 0 1 -4.93940875656095E-015
vn 0 1 -4.93940875656095E-015
vn 0 1 -4.93940875656095E-015
vn 0 1 -4.93940875656095E-015
vn 0 1 -4.93940875656095E-015
vn 0 1 -4.93940875656095E-015
vn 0 0 1
vn 0 0 1
vn 0 0 1
vn 0 0 1
vn 1 0 0
vn 1 0 0
vn 1 0 0
vn 1 0 0
vn 0 0 -1
vn 0 0 -1
vn 0 0 -1
vn 0 0 -1
vn -1 0 0
vn -1 0 0
vn -1 0 0
vn -1 0 0
vt 0 -1
vt -1 0
vt -1 -1
vt -1 0
vt 0 -1
vt 0 0
vt 0 0
vt -1 -1
vt -1 0
vt -1 -1
vt 0 0
vt 0 -1
vt -1 0
vt 0 0
vt 0 -1
vt -1 -1
vt -1 0
vt 0 0
vt 0 -1
vt -1 -1
vt -1 0
vt 0 0
vt 0 -1
vt -1 -1
vt -1 0
vt 0 0
vt 0 -1
vt -1 -1
usemtl material_2
f 1583/1583/1583 1582/1582/1582 1581/1581/1581
f 1586/1586/1586 1585/1585/1585 1584/1584/1584
f 1589/1589/1589 1588/1588/1588 1587/1587/1587
f 1592/1592/1592 1591/1591/1591 1590/1590/1590
f 1596/1596/1596 1595/1595/1595 1594/1594/1594 1593/1593/1593
f 1600/1600/1600 1599/1599/1599 1598/1598/1598 1597/1597/1597
f 1604/1604/1604 1603/1603/1603 1602/1602/1602 1601/1601/1601
f 1608/1608/1608 1607/1607/1607 1606/1606/1606 1605/1605/1605
#block begin
o 57_
g 57_
v 4.39199995517731 0.41200000038743 0.516000002980232
v 1.97300004482269 0.41200000038743 0.115999997019768
v 1.97300004482269 0.41200000038743 0.516000002980232
v 1.97300004482269 0.41200000038743 0.115999997019768
v 4.39199995517731 0.41200000038743 0.516000002980232
v 4.39199995517731 0.41200000038743 0.115999997019768
v 4.39199995517731 0.42999999961257 0.115999997019768
v 1.97300004482269 0.42999999961257 0.516000002980232
v 1.97300004482269 0.42999999961257 0.115999997019768
v 1.97300004482269 0.42999999961257 0.516000002980232
v 4.39199995517731 0.42999999961257 0.115999997019768
v 4.39199995517731 0.42999999961257 0.516000002980232
v 1.97300004482269 0.42999999961257 0.516000002980232
v 4.39199995517731 0.42999999961257 0.516000002980232
v 4.39199995517731 0.41200000038743 0.516000002980232
v 1.97300004482269 0.41200000038743 0.516000002980232
v 4.39199995517731 0.42999999961257 0.516000002980232
v 4.39199995517731 0.42999999961257 0.115999997019768
v 4.39199995517731 0.41200000038743 0.115999997019768
v 4.39199995517731 0.41200000038743 0.516000002980232
v 4.39199995517731 0.42999999961257 0.115999997019768
v 1.97300004482269 0.42999999961257 0.115999997019768
v 1.97300004482269 0.41200000038743 0.115999997019768
v 4.39199995517731 0.41200000038743 0.115999997019768
v 1.97300004482269 0.42999999961257 0.115999997019768
v 1.97300004482269 0.42999999961257 0.516000002980232
v 1.97300004482269 0.41200000038743 0.516000002980232
v 1.97300004482269 0.41200000038743 0.115999997019768
vn 0 -1 0
vn 0 -1 0
vn 0 -1 0
vn 0 -1 0
vn 0 -1 0
vn 0 -1 0
vn 0 1 0
vn 0 1 0
vn 0 1 0
vn 0 1 0
vn 0 1 0
vn 0 1 0
vn 0 0 1
vn 0 0 1
vn 0 0 1
vn 0 0 1
vn 1 0 0
vn 1 0 0
vn 1 0 0
vn 1 0 0
vn 0 0 -1
vn 0 0 -1
vn 0 0 -1
vn 0 0 -1
vn -1 0 0
vn -1 0 0
vn -1 0 0
vn -1 0 0
vt 0 -1
vt -1 0
vt -1 -1
vt -1 0
vt 0 -1
vt 0 0
vt 0 0
vt -1 -1
vt -1 0
vt -1 -1
vt 0 0
vt 0 -1
vt -1 0
vt 0 0
vt 0 -1
vt -1 -1
vt -1 0
vt 0 0
vt 0 -1
vt -1 -1
vt -1 0
vt 0 0
vt 0 -1
vt -1 -1
vt -1 0
vt 0 0
vt 0 -1
vt -1 -1
usemtl material_2
f 1611/1611/1611 1610/1610/1610 1609/1609/1609
f 1614/1614/1614 1613/1613/1613 1612/1612/1612
f 1617/1617/1617 1616/1616/1616 1615/1615/1615
f 1620/1620/1620 1619/1619/1619 1618/1618/1618
f 1624/1624/1624 1623/1623/1623 1622/1622/1622 1621/1621/1621
f 1628/1628/1628 1627/1627/1627 1626/1626/1626 1625/1625/1625
f 1632/1632/1632 1631/1631/1631 1630/1630/1630 1629/1629/1629
f 1636/1636/1636 1635/1635/1635 1634/1634/1634 1633/1633/1633
#block begin
o 58_
g 58_
v 4.2725000333786 0.862999976158142 0.116000000335276
v 2.0924999666214 2.31300002384186 0.116000000335276
v 2.0924999666214 0.862999976158142 0.116000000335276
v 2.0924999666214 2.31300002384186 0.116000000335276
v 4.2725000333786 0.862999976158142 0.116000000335276
v 4.2725000333786 2.31300002384186 0.116000000335276
v 4.2725000333786 2.31300002384186 0.145999999664724
v 2.0924999666214 0.862999976158142 0.145999999664724
v 2.0924999666214 2.31300002384186 0.145999999664724
v 2.0924999666214 0.862999976158142 0.145999999664724
v 4.2725000333786 2.31300002384186 0.145999999664724
v 4.2725000333786 0.862999976158142 0.145999999664724
v 2.0924999666214 0.862999976158142 0.145999999664724
v 4.2725000333786 0.862999976158142 0.145999999664724
v 4.2725000333786 0.862999976158142 0.116000000335276
v 2.0924999666214 0.862999976158142 0.116000000335276
v 4.2725000333786 0.862999976158142 0.145999999664724
v 4.2725000333786 2.31300002384186 0.145999999664724
v 4.2725000333786 2.31300002384186 0.116000000335276
v 4.2725000333786 0.862999976158142 0.116000000335276
v 4.2725000333786 2.31300002384186 0.145999999664724
v 2.0924999666214 2.31300002384186 0.145999999664724
v 2.0924999666214 2.31300002384186 0.116000000335276
v 4.2725000333786 2.31300002384186 0.116000000335276
v 2.0924999666214 2.31300002384186 0.145999999664724
v 2.0924999666214 0.862999976158142 0.145999999664724
v 2.0924999666214 0.862999976158142 0.116000000335276
v 2.0924999666214 2.31300002384186 0.116000000335276
vn 0 0 -1
vn 0 0 -1
vn 0 0 -1
vn 0 0 -1
vn 0 0 -1
vn 0 0 -1
vn 0 0 1
vn 0 0 1
vn 0 0 1
vn 0 0 1
vn 0 0 1
vn 0 0 1
vn 0 -1 0
vn 0 -1 0
vn 0 -1 0
vn 0 -1 0
vn 1 0 0
vn 1 0 0
vn 1 0 0
vn 1 0 0
vn 0 1 0
vn 0 1 0
vn 0 1 0
vn 0 1 0
vn -1 0 0
vn -1 0 0
vn -1 0 0
vn -1 0 0
vt 0 -1
vt -1 0
vt -1 -1
vt -1 0
vt 0 -1
vt 0 0
vt 0 0
vt -1 -1
vt -1 0
vt -1 -1
vt 0 0
vt 0 -1
vt -1 -5.55111512312578E-017
vt 0 -5.55111512312578E-017
vt 0 -1
vt -1 -1
vt -1 -5.55111512312578E-017
vt 0 -5.55111512312578E-017
vt 0 -1
vt -1 -1
vt -1 -5.55111512312578E-017
vt 0 -5.55111512312578E-017
vt 0 -1
vt -1 -1
vt -1 -5.55111512312578E-017
vt 0 -5.55111512312578E-017
vt 0 -1
vt -1 -1
usemtl material_4
f 1639/1639/1639 1638/1638/1638 1637/1637/1637
f 1642/1642/1642 1641/1641/1641 1640/1640/1640
f 1645/1645/1645 1644/1644/1644 1643/1643/1643
f 1648/1648/1648 1647/1647/1647 1646/1646/1646
f 1652/1652/1652 1651/1651/1651 1650/1650/1650 1649/1649/1649
f 1656/1656/1656 1655/1655/1655 1654/1654/1654 1653/1653/1653
f 1660/1660/1660 1659/1659/1659 1658/1658/1658 1657/1657/1657
f 1664/1664/1664 1663/1663/1663 1662/1662/1662 1661/1661/1661
#block begin
o 59_
g 59_
v 4.21956918310281 0.909775376796722 0.144999999905005
v 2.13717720579263 2.26622462320328 0.144999999905005
v 2.13717720579263 0.909775376796722 0.144999999905005
v 2.13717720579263 2.26622462320328 0.144999999905005
v 4.21956918310281 0.909775376796722 0.144999999905005
v 4.21956918310281 2.26622462320328 0.144999999905005
v 4.21956918310281 2.26622462320328 0.149000000094995
v 2.13717720579263 0.909775376796722 0.149000000094995
v 2.13717720579263 2.26622462320328 0.149000000094995
v 2.13717720579263 0.909775376796722 0.149000000094995
v 4.21956918310281 2.26622462320328 0.149000000094995
v 4.21956918310281 0.909775376796722 0.149000000094995
v 2.13717720579263 0.909775376796722 0.149000000094995
v 4.21956918310281 0.909775376796722 0.149000000094995
v 4.21956918310281 0.909775376796722 0.144999999905005
v 2.13717720579263 0.909775376796722 0.144999999905005
v 4.21956918310281 0.909775376796722 0.149000000094995
v 4.21956918310281 2.26622462320328 0.149000000094995
v 4.21956918310281 2.26622462320328 0.144999999905005
v 4.21956918310281 0.909775376796722 0.144999999905005
v 4.21956918310281 2.26622462320328 0.149000000094995
v 2.13717720579263 2.26622462320328 0.149000000094995
v 2.13717720579263 2.26622462320328 0.144999999905005
v 4.21956918310281 2.26622462320328 0.144999999905005
v 2.13717720579263 2.26622462320328 0.149000000094995
v 2.13717720579263 0.909775376796722 0.149000000094995
v 2.13717720579263 0.909775376796722 0.144999999905005
v 2.13717720579263 2.26622462320328 0.144999999905005
vn 0 0 -1
vn 0 0 -1
vn 0 0 -1
vn 0 0 -1
vn 0 0 -1
vn 0 0 -1
vn 0 0 1
vn 0 0 1
vn 0 0 1
vn 0 0 1
vn 0 0 1
vn 0 0 1
vn 0 -1 0
vn 0 -1 0
vn 0 -1 0
vn 0 -1 0
vn 1 0 0
vn 1 0 0
vn 1 0 0
vn 1 0 0
vn 0 1 0
vn 0 1 0
vn 0 1 0
vn 0 1 0
vn -1 0 0
vn -1 0 0
vn -1 0 0
vn -1 0 0
vt 0 -1
vt -1 0
vt -1 -1
vt -1 0
vt 0 -1
vt 0 0
vt 0 0
vt -1 -1
vt -1 0
vt -1 -1
vt 0 0
vt 0 -1
vt -1 0
vt 0 0
vt 0 -1
vt -1 -1
vt -1 0
vt 0 0
vt 0 -1
vt -1 -1
vt -1 0
vt 0 0
vt 0 -1
vt -1 -1
vt -1 0
vt 0 0
vt 0 -1
vt -1 -1
usemtl material_5
f 1667/1667/1667 1666/1666/1666 1665/1665/1665
f 1670/1670/1670 1669/1669/1669 1668/1668/1668
f 1673/1673/1673 1672/1672/1672 1671/1671/1671
f 1676/1676/1676 1675/1675/1675 1674/1674/1674
f 1680/1680/1680 1679/1679/1679 1678/1678/1678 1677/1677/1677
f 1684/1684/1684 1683/1683/1683 1682/1682/1682 1681/1681/1681
f 1688/1688/1688 1687/1687/1687 1686/1686/1686 1685/1685/1685
f 1692/1692/1692 1691/1691/1691 1690/1690/1690 1689/1689/1689
#block begin
o 60_
g 60_
v 4.89199995517731 9.53673806591837E-010 0.0999999996200204
v 1.47300004482269 2.97699999904633 0.0999999996200204
v 1.47300004482269 9.53673806591837E-010 0.0999999996200204
v 1.47300004482269 2.97699999904633 0.0999999996200204
v 4.89199995517731 9.53673806591837E-010 0.0999999996200204
v 4.89199995517731 2.97699999904633 0.0999999996200204
v 4.89199995517731 2.97699999904633 0.11600000037998
v 1.47300004482269 9.53673806591837E-010 0.11600000037998
v 1.47300004482269 2.97699999904633 0.11600000037998
v 1.47300004482269 9.53673806591837E-010 0.11600000037998
v 4.89199995517731 2.97699999904633 0.11600000037998
v 4.89199995517731 9.53673806591837E-010 0.11600000037998
v 1.47300004482269 9.53673806591837E-010 0.11600000037998
v 4.89199995517731 9.53673806591837E-010 0.11600000037998
v 4.89199995517731 9.53673806591837E-010 0.0999999996200204
v 1.47300004482269 9.53673806591837E-010 0.0999999996200204
v 4.89199995517731 9.53673806591837E-010 0.11600000037998
v 4.89199995517731 2.97699999904633 0.11600000037998
v 4.89199995517731 2.97699999904633 0.0999999996200204
v 4.89199995517731 9.53673806591837E-010 0.0999999996200204
v 4.89199995517731 2.97699999904633 0.11600000037998
v 1.47300004482269 2.97699999904633 0.11600000037998
v 1.47300004482269 2.97699999904633 0.0999999996200204
v 4.89199995517731 2.97699999904633 0.0999999996200204
v 1.47300004482269 2.97699999904633 0.11600000037998
v 1.47300004482269 9.53673806591837E-010 0.11600000037998
v 1.47300004482269 9.53673806591837E-010 0.0999999996200204
v 1.47300004482269 2.97699999904633 0.0999999996200204
vn 0 0 -1
vn 0 0 -1
vn 0 0 -1
vn 0 0 -1
vn 0 0 -1
vn 0 0 -1
vn 0 0 1
vn 0 0 1
vn 0 0 1
vn 0 0 1
vn 0 0 1
vn 0 0 1
vn -3.89665887151096E-016 -1 0
vn -3.89665887151096E-016 -1 0
vn -3.89665887151096E-016 -1 0
vn -3.89665887151096E-016 -1 0
vn 1 1.32566204311103E-014 0
vn 1 1.32566204311103E-014 0
vn 1 1.32566204311103E-014 0
vn 1 1.32566204311103E-014 0
vn 0 1 0
vn 0 1 0
vn 0 1 0
vn 0 1 0
vn -1 0 0
vn -1 0 0
vn -1 0 0
vn -1 0 0
vt -4.30777777777778 -4.79888888888889
vt -1 -1
vt -4.30777777777778 -0.999999999999999
vt -1 -1
vt -4.30777777777778 -4.79888888888889
vt -1 -4.79888888888889
vt -1 -4.79888888888885
vt -4.30777777777778 -1
vt -1 -1
vt -4.30777777777778 -1
vt -1 -4.79888888888885
vt -4.30777777777778 -4.79888888888889
vt -1 -1
vt -1 -4.79888888888889
vt -1.01777777777778 -4.79888888888889
vt -1.01777777777778 -1
vt -1 -1
vt -1 -4.30777777777778
vt -1.01777777777778 -4.30777777777778
vt -1.01777777777778 -1
vt -1 -1
vt -1 -4.79888888888884
vt -1.01777777777778 -4.79888888888884
vt -1.01777777777778 -1
vt -1 -1
vt -1 -4.30777777777778
vt -1.01777777777778 -4.30777777777778
vt -1.01777777777778 -1
usemtl material_6
f 1695/1695/1695 1694/1694/1694 1693/1693/1693
f 1698/1698/1698 1697/1697/1697 1696/1696/1696
f 1701/1701/1701 1700/1700/1700 1699/1699/1699
f 1704/1704/1704 1703/1703/1703 1702/1702/1702
f 1708/1708/1708 1707/1707/1707 1706/1706/1706 1705/1705/1705
f 1712/1712/1712 1711/1711/1711 1710/1710/1710 1709/1709/1709
f 1716/1716/1716 1715/1715/1715 1714/1714/1714 1713/1713/1713
f 1720/1720/1720 1719/1719/1719 1718/1718/1718 1717/1717/1717
